{"type":"FeatureCollection", "features": [
{"type":"Feature","geometry":{"type":"Polygon","coordinates":[[[-55.7909,-27.4873],[-55.7945,-27.4843],[-55.7949,-27.4842],[-55.8053,-27.4757],[-55.8165,-27.4762],[-55.8086,-27.4544],[-55.8056,-27.4532],[-55.8006,-27.4426],[-55.794,-27.4336],[-55.825,-27.4157],[-55.8427,-27.4039],[-55.8601,-27.4176],[-55.8613,-27.4216],[-55.8803,-27.4384],[-55.8752,-27.4415],[-55.8604,-27.4553],[-55.8637,-27.4581],[-55.8771,-27.4504],[-55.8859,-27.4533],[-55.8869,-27.4572],[-55.8952,-27.4683],[-55.8959,-27.4747],[-55.9077,-27.493],[-55.9288,-27.4987],[-55.9329,-27.5042],[-55.9338,-27.5201],[-55.9372,-27.5425],[-55.9433,-27.5548],[-55.9345,-27.5722],[-55.9548,-27.5826],[-55.9285,-27.6268],[-55.8871,-27.6925],[-55.8791,-27.6848],[-55.8719,-27.6714],[-55.8642,-27.6624],[-55.8609,-27.6559],[-55.8554,-27.6538],[-55.8513,-27.6482],[-55.8447,-27.6445],[-55.8445,-27.6409],[-55.8331,-27.6273],[-55.8351,-27.6146],[-55.8277,-27.6058],[-55.8228,-27.5915],[-55.8189,-27.5878],[-55.8185,-27.5771],[-55.8149,-27.5771],[-55.8043,-27.5687],[-55.7907,-27.5564],[-55.7859,-27.5564],[-55.7786,-27.4987],[-55.7909,-27.4873]]]},"properties":{"id":"a08e7ee8-5354-4954-8af2-156e853b55ce","nombre":"GARUPA","zona":"SUR","departamento":4,"superficie_km2":30182}},
{"type":"Feature","geometry":{"type":"Polygon","coordinates":[[[-55.8043,-27.5687],[-55.7962,-27.5816],[-55.789,-27.5836],[-55.7812,-27.5807],[-55.7729,-27.5859],[-55.7602,-27.584],[-55.7529,-27.5889],[-55.723,-27.589],[-55.7217,-27.6085],[-55.7011,-27.6082],[-55.7039,-27.6042],[-55.6811,-27.6034],[-55.6829,-27.593],[-55.6748,-27.5934],[-55.6737,-27.6027],[-55.6668,-27.6074],[-55.666,-27.6122],[-55.6603,-27.6192],[-55.6576,-27.6236],[-55.6494,-27.6262],[-55.639,-27.6261],[-55.633,-27.6232],[-55.6282,-27.6137],[-55.622,-27.6102],[-55.6652,-27.5469],[-55.6718,-27.5437],[-55.6802,-27.5434],[-55.6841,-27.5467],[-55.6903,-27.5459],[-55.6947,-27.5357],[-55.7003,-27.5315],[-55.6997,-27.5266],[-55.7196,-27.5217],[-55.716,-27.5185],[-55.7182,-27.5092],[-55.7256,-27.5049],[-55.7254,-27.4999],[-55.7177,-27.4961],[-55.7297,-27.4861],[-55.74,-27.4872],[-55.7445,-27.4926],[-55.755,-27.4912],[-55.7638,-27.4993],[-55.7703,-27.502],[-55.7786,-27.4987],[-55.7859,-27.5564],[-55.7907,-27.5564],[-55.8043,-27.5687]]]},"properties":{"id":"1ad3c0b9-8bde-4ca4-8567-dbaeba3d1fd0","nombre":"PROFUNDIDAD","zona":"SUR","departamento":3,"superficie_km2":12982.9}},
{"type":"Feature","geometry":{"type":"Polygon","coordinates":[[[-55.8871,-27.6925],[-55.849,-27.7579],[-55.801,-27.7463],[-55.7802,-27.7344],[-55.7766,-27.7311],[-55.7821,-27.7142],[-55.7745,-27.7012],[-55.7729,-27.6911],[-55.7657,-27.6956],[-55.7546,-27.7063],[-55.7525,-27.717],[-55.7313,-27.7131],[-55.7276,-27.7101],[-55.7224,-27.7145],[-55.7182,-27.7219],[-55.7132,-27.725],[-55.7113,-27.7313],[-55.7022,-27.7367],[-55.7034,-27.744],[-55.6695,-27.7489],[-55.6636,-27.7101],[-55.6196,-27.715],[-55.6171,-27.697],[-55.6098,-27.6445],[-55.6558,-27.6386],[-55.6563,-27.6318],[-55.6608,-27.6249],[-55.6603,-27.6192],[-55.666,-27.6122],[-55.6668,-27.6074],[-55.6737,-27.6027],[-55.6748,-27.5934],[-55.6829,-27.593],[-55.6811,-27.6034],[-55.7039,-27.6042],[-55.7011,-27.6082],[-55.7217,-27.6085],[-55.723,-27.589],[-55.7529,-27.5889],[-55.7602,-27.584],[-55.7729,-27.5859],[-55.7812,-27.5807],[-55.789,-27.5836],[-55.7962,-27.5816],[-55.8043,-27.5687],[-55.8149,-27.5771],[-55.8185,-27.5771],[-55.8189,-27.5878],[-55.8228,-27.5915],[-55.8277,-27.6058],[-55.8351,-27.6146],[-55.8331,-27.6273],[-55.8445,-27.6409],[-55.8447,-27.6445],[-55.8513,-27.6482],[-55.8554,-27.6538],[-55.8609,-27.6559],[-55.8642,-27.6624],[-55.8719,-27.6714],[-55.8791,-27.6848],[-55.8871,-27.6925]]]},"properties":{"id":"be96deec-d1f8-46fe-9c52-0af1d894f439","nombre":"FACHINAL","zona":"SUR","departamento":4,"superficie_km2":34116.5}},
{"type":"Feature","geometry":{"type":"Polygon","coordinates":[[[-54.6086,-26.9451],[-54.6136,-26.934],[-54.6648,-26.9548],[-54.6594,-26.9667],[-54.701,-26.9791],[-54.7044,-26.9757],[-54.703,-26.9688],[-54.7107,-26.96],[-54.7151,-26.9506],[-54.7146,-26.9431],[-54.7192,-26.9358],[-54.7569,-26.9467],[-54.7269,-27.0409],[-54.7302,-27.046],[-54.7187,-27.0611],[-54.6954,-27.0915],[-54.6908,-27.0914],[-54.6792,-27.1061],[-54.6728,-27.1066],[-54.6733,-27.1125],[-54.6607,-27.1247],[-54.654,-27.1279],[-54.6494,-27.1349],[-54.6523,-27.1434],[-54.6437,-27.1415],[-54.6403,-27.1455],[-54.6443,-27.1546],[-54.6426,-27.1576],[-54.6327,-27.1571],[-54.6332,-27.1635],[-54.6113,-27.1639],[-54.6134,-27.1686],[-54.6062,-27.1714],[-54.6026,-27.177],[-54.6051,-27.1804],[-54.6133,-27.1817],[-54.6151,-27.1886],[-54.6203,-27.1967],[-54.6141,-27.1982],[-54.6123,-27.2031],[-54.6242,-27.2042],[-54.6264,-27.212],[-54.6212,-27.2134],[-54.609,-27.2123],[-54.6116,-27.2199],[-54.6011,-27.2244],[-54.596,-27.2177],[-54.5928,-27.223],[-54.5951,-27.2278],[-54.6056,-27.2368],[-54.6056,-27.2407],[-54.5911,-27.2473],[-54.5866,-27.2519],[-54.5945,-27.2683],[-54.5869,-27.2689],[-54.5842,-27.275],[-54.5129,-27.2606],[-54.5163,-27.2534],[-54.5228,-27.2457],[-54.5199,-27.2419],[-54.5256,-27.2369],[-54.5168,-27.2308],[-54.5196,-27.2242],[-54.5288,-27.211],[-54.5287,-27.2061],[-54.5194,-27.2006],[-54.5058,-27.1878],[-54.5142,-27.1835],[-54.5139,-27.1762],[-54.5009,-27.1744],[-54.4937,-27.1637],[-54.5033,-27.1542],[-54.495,-27.15],[-54.4864,-27.1425],[-54.4926,-27.1341],[-54.4869,-27.1295],[-54.4918,-27.1206],[-54.4891,-27.115],[-54.4904,-27.1064],[-54.4996,-27.094],[-54.5005,-27.0901],[-54.5405,-27.0924],[-54.5702,-27.023],[-54.5744,-27.0215],[-54.6086,-26.9451]]]},"properties":{"id":"884e0591-6866-4c64-b487-b8f2810479a6","nombre":"DOS DE MAYO","zona":"CENTRO","departamento":2,"superficie_km2":47694.2}},
{"type":"Feature","geometry":{"type":"Polygon","coordinates":[[[-54.6648,-26.9548],[-54.6919,-26.8959],[-54.7441,-26.7788],[-54.7975,-26.657],[-54.8018,-26.6492],[-54.81,-26.6601],[-54.8127,-26.6672],[-54.8227,-26.6734],[-54.8367,-26.6717],[-54.8466,-26.6618],[-54.8592,-26.6556],[-54.8792,-26.6558],[-54.8783,-26.6596],[-54.7878,-27.0029],[-54.7867,-27.0079],[-54.7814,-27.0279],[-54.7663,-27.0396],[-54.7653,-27.0453],[-54.7602,-27.0518],[-54.7421,-27.0506],[-54.7302,-27.046],[-54.7269,-27.0409],[-54.7569,-26.9467],[-54.7192,-26.9358],[-54.7146,-26.9431],[-54.7151,-26.9506],[-54.7107,-26.96],[-54.703,-26.9688],[-54.7044,-26.9757],[-54.701,-26.9791],[-54.6594,-26.9667],[-54.6648,-26.9548]]]},"properties":{"id":"bb640b0e-988f-4312-8bfb-976a5b37dc52","nombre":"EL ALCAZAR","zona":"CENTRO","departamento":10,"superficie_km2":40145}},
{"type":"Feature","geometry":{"type":"Polygon","coordinates":[[[-54.1779,-25.8581],[-54.1718,-25.8594],[-54.1658,-25.8543],[-54.1635,-25.8455],[-54.1473,-25.8414],[-54.1413,-25.8353],[-54.1396,-25.8299],[-54.1311,-25.8283],[-54.1229,-25.8216],[-54.12,-25.8051],[-54.1069,-25.8008],[-54.0989,-25.8024],[-54.094,-25.799],[-54.0934,-25.8095],[-54.0789,-25.8139],[-54.0734,-25.8084],[-54.0634,-25.8069],[-54.0483,-25.7953],[-54.0233,-25.7996],[-54.0125,-25.8101],[-54.0111,-25.8194],[-54.0051,-25.8218],[-54.0059,-25.8268],[-54.0007,-25.8342],[-54.0008,-25.8394],[-53.9878,-25.8491],[-53.9832,-25.8546],[-53.9821,-25.8634],[-53.9771,-25.8714],[-53.9779,-25.8775],[-53.9883,-25.8851],[-53.9725,-25.8963],[-53.9578,-25.8995],[-53.9569,-25.9084],[-53.953,-25.9135],[-53.9456,-25.9075],[-53.935,-25.92],[-53.9305,-25.9188],[-53.92,-25.9003],[-53.9087,-25.8984],[-53.8928,-25.8914],[-53.8883,-25.8846],[-53.8813,-25.8821],[-53.8765,-25.8742],[-53.8683,-25.8749],[-53.8597,-25.8696],[-53.8642,-25.8606],[-53.8591,-25.8559],[-53.8535,-25.8593],[-53.8451,-25.8571],[-53.8361,-25.8539],[-53.8342,-25.8502],[-53.8393,-25.8457],[-53.8426,-25.8388],[-53.8494,-25.8349],[-53.8434,-25.8269],[-53.8362,-25.8258],[-53.8385,-25.8169],[-53.8282,-25.8087],[-53.8277,-25.8031],[-53.8228,-25.8007],[-53.8222,-25.7943],[-53.8282,-25.7899],[-53.8378,-25.7919],[-53.8313,-25.781],[-53.8372,-25.7735],[-53.8469,-25.7689],[-53.8558,-25.767],[-53.848,-25.7577],[-53.8406,-25.7585],[-53.8453,-25.7464],[-53.8498,-25.7409],[-53.8644,-25.7453],[-53.8667,-25.7403],[-53.8645,-25.7305],[-53.8591,-25.7232],[-53.868,-25.7135],[-53.8747,-25.7128],[-53.8782,-25.7067],[-53.8673,-25.7064],[-53.8593,-25.7018],[-53.8578,-25.707],[-53.8516,-25.7061],[-53.8506,-25.7008],[-53.8551,-25.6909],[-53.8434,-25.6897],[-53.8431,-25.6867],[-53.8597,-25.6795],[-53.8549,-25.6725],[-53.859,-25.6684],[-53.8625,-25.6586],[-53.8741,-25.6573],[-53.8778,-25.6546],[-53.8881,-25.6619],[-53.8898,-25.657],[-53.8816,-25.6467],[-53.8851,-25.6439],[-53.8956,-25.643],[-53.8909,-25.6231],[-53.8962,-25.6231],[-53.9088,-25.6319],[-53.9128,-25.6363],[-53.9193,-25.6277],[-53.9157,-25.6206],[-53.918,-25.6158],[-53.924,-25.6173],[-53.9319,-25.6226],[-53.9427,-25.6191],[-53.9439,-25.611],[-53.9492,-25.6115],[-53.9508,-25.6223],[-53.9475,-25.6345],[-53.9517,-25.6444],[-53.9634,-25.6429],[-53.964,-25.6347],[-53.9611,-25.6287],[-53.9654,-25.6215],[-53.9675,-25.6117],[-53.9754,-25.6153],[-53.9785,-25.6044],[-53.9715,-25.6001],[-53.9794,-25.5924],[-53.9903,-25.589],[-54.0037,-25.578],[-54.0091,-25.5672],[-54.0227,-25.563],[-54.0309,-25.5668],[-54.034,-25.574],[-54.0432,-25.5837],[-54.0493,-25.5852],[-54.0603,-25.5793],[-54.0643,-25.5691],[-54.0691,-25.562],[-54.0787,-25.5582],[-54.0833,-25.5622],[-54.0848,-25.5749],[-54.0898,-25.5884],[-54.0886,-25.6024],[-54.0897,-25.6113],[-54.093,-25.6178],[-54.1016,-25.618],[-54.1051,-25.6144],[-54.1175,-25.5935],[-54.1248,-25.5757],[-54.125,-25.5662],[-54.1189,-25.5508],[-54.1097,-25.5396],[-54.0969,-25.5214],[-54.0921,-25.5076],[-54.096,-25.4962],[-54.1004,-25.4941],[-54.1117,-25.4945],[-54.1228,-25.5013],[-54.146,-25.5208],[-54.1544,-25.5324],[-54.1662,-25.5401],[-54.1656,-25.5459],[-54.1625,-25.6339],[-54.1625,-25.6979],[-54.1665,-25.7618],[-54.1691,-25.7964],[-54.171,-25.8361],[-54.1772,-25.8482],[-54.1779,-25.8581]]]},"properties":{"id":"a442e539-e68e-42ab-a98c-455332650078","nombre":"COMANDANTE ANDRESITO","zona":"NORTE","departamento":7,"superficie_km2":91654.5}},
{"type":"Feature","geometry":{"type":"Polygon","coordinates":[[[-54.27,-26.9774],[-54.2716,-26.9831],[-54.2645,-26.9878],[-54.2705,-26.9905],[-54.2682,-26.9958],[-54.2606,-26.9998],[-54.2689,-27.0091],[-54.2626,-27.01],[-54.2574,-27.0169],[-54.2499,-27.016],[-54.2512,-27.0219],[-54.2468,-27.0322],[-54.2541,-27.0362],[-54.2467,-27.0433],[-54.2443,-27.0396],[-54.2368,-27.0428],[-54.2384,-27.0466],[-54.2362,-27.0562],[-54.2433,-27.0595],[-54.2576,-27.0587],[-54.2558,-27.0656],[-54.2481,-27.0684],[-54.2391,-27.0759],[-54.2452,-27.0777],[-54.2538,-27.0742],[-54.2607,-27.077],[-54.2609,-27.0824],[-54.2547,-27.0867],[-54.2556,-27.0914],[-54.2641,-27.0947],[-54.2536,-27.1004],[-54.2485,-27.1014],[-54.2496,-27.1081],[-54.241,-27.1052],[-54.2395,-27.1113],[-54.2452,-27.1148],[-54.2472,-27.1223],[-54.2282,-27.1244],[-54.37,-27.198],[-54.3723,-27.206],[-54.3796,-27.2108],[-54.3727,-27.2133],[-54.3624,-27.2122],[-54.3589,-27.224],[-54.3631,-27.2304],[-54.3599,-27.2346],[-54.3523,-27.2326],[-54.351,-27.2398],[-54.3567,-27.2423],[-54.3482,-27.2523],[-54.3497,-27.2544],[-54.3627,-27.2489],[-54.3645,-27.2523],[-54.349,-27.2631],[-54.3517,-27.2779],[-54.3454,-27.2783],[-54.3371,-27.2826],[-54.3291,-27.2913],[-54.3322,-27.2988],[-54.3287,-27.3086],[-54.3237,-27.3109],[-54.3151,-27.3106],[-54.3132,-27.32],[-54.3192,-27.3213],[-54.3184,-27.3287],[-54.314,-27.3384],[-54.3162,-27.3539],[-54.3072,-27.3629],[-54.3004,-27.3612],[-54.3065,-27.372],[-54.3122,-27.3751],[-54.313,-27.3814],[-54.2979,-27.3859],[-54.3117,-27.3937],[-54.3131,-27.3971],[-54.3038,-27.4003],[-54.2951,-27.3989],[-54.2924,-27.403],[-54.2966,-27.4124],[-54.305,-27.4122],[-54.3089,-27.4151],[-54.316,-27.4107],[-54.3215,-27.4118],[-54.3034,-27.4279],[-54.2983,-27.4399],[-54.2896,-27.4476],[-54.2817,-27.447],[-54.269,-27.4382],[-54.2673,-27.4344],[-54.2702,-27.4229],[-54.2699,-27.4123],[-54.267,-27.4019],[-54.2595,-27.395],[-54.2526,-27.3932],[-54.2336,-27.3931],[-54.2259,-27.3913],[-54.2147,-27.3816],[-54.2129,-27.3704],[-54.215,-27.3636],[-54.2132,-27.3495],[-54.2093,-27.336],[-54.2013,-27.3191],[-54.1927,-27.3069],[-54.1922,-27.2976],[-54.1942,-27.2918],[-54.1869,-27.2658],[-54.1752,-27.2555],[-54.1658,-27.2538],[-54.1596,-27.2586],[-54.1552,-27.2703],[-54.1557,-27.2807],[-54.1595,-27.2876],[-54.1593,-27.2927],[-54.1541,-27.2973],[-54.1321,-27.3017],[-54.1125,-27.3017],[-54.1019,-27.3027],[-54.0866,-27.3006],[-54.075,-27.2943],[-54.0646,-27.2755],[-54.0542,-27.2628],[-54.0422,-27.2583],[-54.0305,-27.2562],[-54.0239,-27.2514],[-54.0188,-27.243],[-54.0154,-27.2255],[-54.017,-27.2178],[-54.0148,-27.2072],[-54.0073,-27.1979],[-53.9913,-27.1953],[-53.9726,-27.1988],[-53.9627,-27.1971],[-53.9586,-27.1904],[-53.9581,-27.1785],[-53.9615,-27.1642],[-53.9562,-27.1545],[-53.9447,-27.1513],[-53.9348,-27.1552],[-53.9326,-27.1514],[-53.9349,-27.1433],[-53.9315,-27.1418],[-53.9158,-27.1479],[-53.9118,-27.1475],[-53.8988,-27.1384],[-53.8987,-27.1325],[-53.9175,-27.132],[-53.9242,-27.1284],[-53.9238,-27.1238],[-53.9135,-27.1256],[-53.9075,-27.1169],[-53.902,-27.1167],[-53.8931,-27.1209],[-53.8868,-27.1157],[-53.8782,-27.1123],[-53.8781,-27.1089],[-53.9062,-27.1018],[-53.9055,-27.0937],[-53.8922,-27.0937],[-53.8892,-27.09],[-53.8985,-27.0859],[-53.9029,-27.0812],[-53.8988,-27.0725],[-53.8905,-27.0667],[-53.8899,-27.0609],[-53.8933,-27.0549],[-53.9014,-27.0617],[-53.9006,-27.0693],[-53.9095,-27.0691],[-53.9112,-27.0634],[-53.9164,-27.0578],[-53.9158,-27.0473],[-53.9206,-27.0439],[-53.9255,-27.0612],[-53.9407,-27.0649],[-53.9465,-27.0639],[-53.9438,-27.0571],[-53.9349,-27.0522],[-53.9349,-27.0365],[-53.9435,-27.039],[-53.9548,-27.0449],[-53.9569,-27.0505],[-53.9663,-27.0523],[-53.9667,-27.0341],[-53.9772,-27.0343],[-53.9786,-27.0304],[-53.9756,-27.02],[-53.9819,-27.0157],[-54.0004,-27.0256],[-54.0052,-27.0251],[-54.0085,-27.0164],[-54.0172,-27.0104],[-54.0148,-27.0051],[-54.0068,-27.0111],[-53.9988,-27.0107],[-53.9941,-27.003],[-54.0023,-26.9982],[-54.0044,-26.9921],[-54.0032,-26.985],[-54.0114,-26.9865],[-54.0198,-26.9928],[-54.0282,-26.9831],[-54.0272,-26.9791],[-54.0174,-26.9792],[-54.0143,-26.9693],[-54.0149,-26.9606],[-54.0226,-26.9482],[-54.0334,-26.9464],[-54.0351,-26.9436],[-54.031,-26.9362],[-54.0261,-26.9357],[-54.017,-26.9402],[-54.0086,-26.9374],[-54.0084,-26.9326],[-54.0145,-26.9309],[-54.0201,-26.9212],[-54.0224,-26.9102],[-54.0216,-26.9039],[-54.0255,-26.9022],[-54.0298,-26.909],[-54.0344,-26.8973],[-54.0502,-26.9025],[-54.0496,-26.8919],[-54.0451,-26.8847],[-54.0498,-26.881],[-54.0585,-26.8832],[-54.0647,-26.875],[-54.0705,-26.8815],[-54.0732,-26.8885],[-54.0778,-26.8873],[-54.0796,-26.877],[-54.075,-26.8722],[-54.0805,-26.8672],[-54.0902,-26.8694],[-54.0963,-26.8624],[-54.188,-26.9152],[-54.1828,-26.92],[-54.1817,-26.9273],[-54.19,-26.9285],[-54.187,-26.934],[-54.27,-26.9774]]]},"properties":{"id":"0c1f1dab-a130-4253-8622-bfca12091961","nombre":"EL SOBERBIO","zona":"CENTRO","departamento":8,"superficie_km2":143612.9}},
{"type":"Feature","geometry":{"type":"Polygon","coordinates":[[[-55.132,-26.9318],[-55.1073,-26.9269],[-55.0969,-26.927],[-55.0963,-26.9527],[-55.0806,-26.9529],[-55.0554,-26.9497],[-55.0554,-26.9526],[-55.0291,-26.9526],[-55.0245,-26.9573],[-55.0252,-26.9652],[-54.9948,-26.9652],[-54.9868,-26.8848],[-55.0471,-26.8841],[-55.0542,-26.8835],[-55.0587,-26.8885],[-55.0668,-26.8835],[-55.0746,-26.8913],[-55.0976,-26.8736],[-55.0976,-26.885],[-55.1456,-26.8865],[-55.1456,-26.8849],[-55.1495,-26.8835],[-55.1498,-26.8996],[-55.1383,-26.9243],[-55.132,-26.9318]]]},"properties":{"id":"90f27383-6ba6-4f94-b636-8288cbc88e14","nombre":"CAPIOVI","zona":"CENTRO","departamento":10,"superficie_km2":10698.1}},
{"type":"Feature","geometry":{"type":"Polygon","coordinates":[[[-54.1662,-25.5401],[-54.1754,-25.5399],[-54.1869,-25.534],[-54.1984,-25.5337],[-54.2106,-25.5424],[-54.2117,-25.5557],[-54.2076,-25.5601],[-54.1917,-25.5641],[-54.18,-25.5691],[-54.1747,-25.5774],[-54.1785,-25.5833],[-54.1886,-25.5841],[-54.2,-25.579],[-54.2246,-25.5617],[-54.232,-25.5614],[-54.2397,-25.5665],[-54.2373,-25.588],[-54.2402,-25.5942],[-54.2491,-25.596],[-54.2537,-25.5945],[-54.2719,-25.5678],[-54.2765,-25.5579],[-54.2858,-25.553],[-54.2962,-25.5538],[-54.3042,-25.5613],[-54.3187,-25.5625],[-54.3342,-25.575],[-54.3371,-25.5877],[-54.3474,-25.6028],[-54.3568,-25.6061],[-54.3699,-25.5939],[-54.3767,-25.5931],[-54.3862,-25.5967],[-54.391,-25.6009],[-54.392,-25.61],[-54.3898,-25.6202],[-54.3949,-25.6362],[-54.401,-25.6426],[-54.4226,-25.6558],[-54.426,-25.6621],[-54.4257,-25.6879],[-54.4296,-25.6948],[-54.4351,-25.6941],[-54.4401,-25.6892],[-54.4443,-25.6728],[-54.4435,-25.6687],[-54.4522,-25.6557],[-54.4706,-25.635],[-54.4822,-25.6277],[-54.4922,-25.6182],[-54.5033,-25.6137],[-54.5127,-25.6181],[-54.5163,-25.6241],[-54.527,-25.6276],[-54.5347,-25.6218],[-54.5374,-25.6155],[-54.5342,-25.6087],[-54.5343,-25.5983],[-54.5563,-25.5865],[-54.5653,-25.59],[-54.5811,-25.5921],[-54.5946,-25.5916],[-54.5966,-25.5968],[-54.598,-25.6219],[-54.5966,-25.6287],[-54.5885,-25.6458],[-54.5835,-25.6529],[-54.5817,-25.6619],[-54.589,-25.6672],[-54.6025,-25.668],[-54.616,-25.6632],[-54.6353,-25.6583],[-54.6494,-25.6626],[-54.6549,-25.6679],[-54.6594,-25.6794],[-54.6555,-25.695],[-54.6495,-25.7041],[-54.6409,-25.7204],[-54.6365,-25.7343],[-54.6351,-25.7464],[-54.3673,-25.7547],[-54.1665,-25.7618],[-54.1625,-25.6979],[-54.1625,-25.6339],[-54.1656,-25.5459],[-54.1662,-25.5401]]]},"properties":{"id":"fdb1e6d3-98a0-4837-a68a-4885011bc8d3","nombre":"PUERTO IGUAZU","zona":"NORTE","departamento":9,"superficie_km2":79409.9}},
{"type":"Feature","geometry":{"type":"Polygon","coordinates":[[[-54.5842,-27.275],[-54.5861,-27.2807],[-54.5798,-27.2912],[-54.5729,-27.2925],[-54.5775,-27.2983],[-54.5752,-27.303],[-54.5675,-27.3042],[-54.5606,-27.3141],[-54.5547,-27.318],[-54.553,-27.3247],[-54.5639,-27.3278],[-54.5492,-27.3418],[-54.542,-27.3453],[-54.5472,-27.3589],[-54.5425,-27.3625],[-54.5445,-27.3674],[-54.5571,-27.3694],[-54.5605,-27.381],[-54.5556,-27.3841],[-54.5384,-27.3844],[-54.5399,-27.3917],[-54.5488,-27.3906],[-54.5603,-27.3867],[-54.5653,-27.3917],[-54.556,-27.3992],[-54.5537,-27.4096],[-54.5605,-27.4111],[-54.5672,-27.4066],[-54.5692,-27.4013],[-54.5751,-27.3984],[-54.5827,-27.3992],[-54.5836,-27.4089],[-54.5748,-27.4147],[-54.5747,-27.4197],[-54.5862,-27.4291],[-54.5744,-27.4336],[-54.5794,-27.4413],[-54.592,-27.4406],[-54.5979,-27.4541],[-54.5982,-27.4585],[-54.5928,-27.4623],[-54.5882,-27.4556],[-54.5762,-27.4533],[-54.5697,-27.4554],[-54.5626,-27.4618],[-54.5483,-27.4787],[-54.5409,-27.4903],[-54.537,-27.5043],[-54.524,-27.5058],[-54.5155,-27.4919],[-54.506,-27.482],[-54.4878,-27.4804],[-54.479,-27.4819],[-54.4575,-27.4784],[-54.4467,-27.4738],[-54.4425,-27.4692],[-54.4434,-27.4602],[-54.4677,-27.4409],[-54.4719,-27.4348],[-54.4719,-27.4293],[-54.4647,-27.423],[-54.4595,-27.4218],[-54.4364,-27.4248],[-54.4195,-27.4092],[-54.4116,-27.4051],[-54.4051,-27.4066],[-54.3967,-27.4121],[-54.3878,-27.422],[-54.3792,-27.4358],[-54.3764,-27.4428],[-54.3686,-27.4532],[-54.3569,-27.4649],[-54.3475,-27.4678],[-54.3416,-27.4658],[-54.3369,-27.4578],[-54.3351,-27.4463],[-54.3396,-27.4359],[-54.3421,-27.4094],[-54.3408,-27.4042],[-54.335,-27.4023],[-54.3215,-27.4118],[-54.316,-27.4107],[-54.3089,-27.4151],[-54.305,-27.4122],[-54.2966,-27.4124],[-54.2924,-27.403],[-54.2951,-27.3989],[-54.3038,-27.4003],[-54.3131,-27.3971],[-54.3117,-27.3937],[-54.2979,-27.3859],[-54.313,-27.3814],[-54.3122,-27.3751],[-54.3065,-27.372],[-54.3004,-27.3612],[-54.3072,-27.3629],[-54.3162,-27.3539],[-54.314,-27.3384],[-54.3184,-27.3287],[-54.3192,-27.3213],[-54.3132,-27.32],[-54.3151,-27.3106],[-54.3237,-27.3109],[-54.3287,-27.3086],[-54.3322,-27.2988],[-54.3291,-27.2913],[-54.3371,-27.2826],[-54.3454,-27.2783],[-54.3517,-27.2779],[-54.349,-27.2631],[-54.3645,-27.2523],[-54.3627,-27.2489],[-54.3497,-27.2544],[-54.3482,-27.2523],[-54.3567,-27.2423],[-54.351,-27.2398],[-54.3523,-27.2326],[-54.3599,-27.2346],[-54.3631,-27.2304],[-54.5129,-27.2606],[-54.5842,-27.275]]]},"properties":{"id":"ebd32d72-7873-4e1a-a09a-9f108db52958","nombre":"COLONIA AURORA","zona":"CENTRO","departamento":17,"superficie_km2":54621.6}},
{"type":"Feature","geometry":{"type":"Polygon","coordinates":[[[-55.0967,-27.3525],[-55.0879,-27.3638],[-55.0751,-27.3558],[-55.0568,-27.3799],[-55.0545,-27.3765],[-54.9736,-27.3265],[-55.0798,-27.188],[-55.0857,-27.1879],[-55.1007,-27.1838],[-55.136,-27.1836],[-55.1362,-27.2072],[-55.1368,-27.2818],[-55.1357,-27.3103],[-55.1267,-27.314],[-55.0967,-27.3525]]]},"properties":{"id":"5e99bb52-a302-4f5a-9d59-733e9891ad0d","nombre":"CAMPO VIERA","zona":"SUR","departamento":13,"superficie_km2":20896.9}},
{"type":"Feature","geometry":{"type":"Polygon","coordinates":[[[-55.1007,-27.1838],[-55.0993,-27.0624],[-55.0993,-27.0581],[-55.1377,-27.0575],[-55.1432,-27.0549],[-55.1483,-27.0592],[-55.1579,-27.0439],[-55.167,-27.0427],[-55.1723,-27.0366],[-55.1722,-27.0292],[-55.18,-27.0267],[-55.1826,-27.0157],[-55.1734,-27.0081],[-55.1808,-27.0033],[-55.1952,-26.9982],[-55.2069,-26.9992],[-55.1977,-26.9906],[-55.2046,-26.9785],[-55.2042,-26.9701],[-55.2136,-26.966],[-55.2269,-26.952],[-55.2407,-26.9409],[-55.2507,-26.9379],[-55.2653,-26.9383],[-55.2759,-26.9431],[-55.294,-26.9586],[-55.2944,-26.9966],[-55.2595,-26.9968],[-55.2597,-27.0558],[-55.2599,-27.1512],[-55.2527,-27.1751],[-55.211,-27.175],[-55.2114,-27.2062],[-55.1362,-27.2072],[-55.136,-27.1836],[-55.1007,-27.1838]]]},"properties":{"id":"7a272734-568e-4a2b-af06-6827d8caa4bb","nombre":"JARDÍN AMERICA","zona":"SUR","departamento":14,"superficie_km2":34203.3}},
{"type":"Feature","geometry":{"type":"Polygon","coordinates":[[[-55.8427,-27.4039],[-55.8538,-27.3937],[-55.86,-27.3816],[-55.8638,-27.3689],[-55.873,-27.3537],[-55.8837,-27.3447],[-55.8969,-27.3418],[-55.9132,-27.3424],[-55.9282,-27.3416],[-55.9416,-27.3451],[-55.9541,-27.3517],[-55.9659,-27.3544],[-55.9791,-27.3524],[-55.9951,-27.3453],[-56.0059,-27.3388],[-56.0142,-27.3319],[-56.0276,-27.3282],[-56.0222,-27.3393],[-56.0327,-27.3415],[-56.0384,-27.3467],[-56.0319,-27.3665],[-56.0258,-27.3741],[-56.0281,-27.378],[-56.0279,-27.3865],[-56.0334,-27.3954],[-56.04,-27.4],[-56.0404,-27.4046],[-56.0345,-27.4133],[-56.0382,-27.4169],[-56.0514,-27.4186],[-56.0519,-27.432],[-56.0562,-27.4358],[-56.0516,-27.4411],[-56.0527,-27.4509],[-56.0428,-27.4575],[-56.0352,-27.4687],[-56.0363,-27.4791],[-56.0309,-27.4862],[-56.0311,-27.4929],[-56.027,-27.4984],[-56.0249,-27.5072],[-56.0166,-27.5108],[-56.0018,-27.5245],[-55.9821,-27.5365],[-55.9716,-27.5505],[-55.9683,-27.5605],[-55.9548,-27.5826],[-55.9345,-27.5722],[-55.9433,-27.5548],[-55.9372,-27.5425],[-55.9338,-27.5201],[-55.9329,-27.5042],[-55.9288,-27.4987],[-55.9077,-27.493],[-55.8959,-27.4747],[-55.8952,-27.4683],[-55.8869,-27.4572],[-55.8859,-27.4533],[-55.8771,-27.4504],[-55.8637,-27.4581],[-55.8604,-27.4553],[-55.8752,-27.4415],[-55.8803,-27.4384],[-55.8613,-27.4216],[-55.8601,-27.4176],[-55.8427,-27.4039]]]},"properties":{"id":"1d2336c6-5d8d-4e11-a643-730d872bd92a","nombre":"POSADAS","zona":"SUR","departamento":4,"superficie_km2":32374.1}},
{"type":"Feature","geometry":{"type":"Polygon","coordinates":[[[-54.9674,-27.5705],[-55.0577,-27.637],[-55.0483,-27.6428],[-55.045,-27.6528],[-55.0417,-27.6543],[-55.0338,-27.6702],[-55.0294,-27.6871],[-55.0192,-27.6934],[-55.0234,-27.6997],[-55.02,-27.7071],[-55.0229,-27.7108],[-55.0118,-27.7178],[-55.0123,-27.7214],[-55.006,-27.7296],[-55.0073,-27.7352],[-54.9996,-27.7438],[-54.9929,-27.7542],[-54.9764,-27.7592],[-54.9784,-27.7668],[-54.9766,-27.7707],[-54.9646,-27.7764],[-54.953,-27.7777],[-54.9356,-27.7706],[-54.9319,-27.7581],[-54.9281,-27.7505],[-54.9241,-27.748],[-54.9169,-27.7383],[-54.9069,-27.7293],[-54.9019,-27.7161],[-54.9016,-27.6871],[-54.9037,-27.6761],[-54.9046,-27.6553],[-54.9072,-27.6445],[-54.906,-27.6392],[-54.9103,-27.6382],[-54.916,-27.626],[-54.9203,-27.6249],[-54.9376,-27.6267],[-54.9379,-27.6213],[-54.9424,-27.6164],[-54.9531,-27.6201],[-54.9497,-27.6116],[-54.9562,-27.609],[-54.9631,-27.6029],[-54.9535,-27.5981],[-54.9606,-27.5864],[-54.9677,-27.5842],[-54.9588,-27.5742],[-54.9674,-27.5705]]]},"properties":{"id":"5d49cb3d-c8b5-47a4-a5bf-05382ba245b0","nombre":"PANAMBI","zona":"SUR","departamento":13,"superficie_km2":20626.4}},
{"type":"Feature","geometry":{"type":"Polygon","coordinates":[[[-55.3526,-27.5374],[-55.3442,-27.5491],[-55.3335,-27.5541],[-55.2915,-27.5663],[-55.2776,-27.5771],[-55.2652,-27.5708],[-55.2577,-27.5621],[-55.2469,-27.5552],[-55.2364,-27.5465],[-55.244,-27.5362],[-55.2464,-27.5292],[-55.2516,-27.5217],[-55.2263,-27.5161],[-55.2438,-27.5145],[-55.2516,-27.5106],[-55.2586,-27.5122],[-55.2647,-27.5072],[-55.2838,-27.4993],[-55.2863,-27.4921],[-55.2843,-27.485],[-55.2884,-27.4802],[-55.2882,-27.4743],[-55.3017,-27.4646],[-55.3069,-27.4638],[-55.314,-27.4668],[-55.3111,-27.4777],[-55.3228,-27.4734],[-55.3297,-27.4792],[-55.3345,-27.4779],[-55.3344,-27.4715],[-55.3471,-27.4598],[-55.3556,-27.458],[-55.3576,-27.4656],[-55.3653,-27.4614],[-55.3906,-27.4749],[-55.4015,-27.4813],[-55.3856,-27.486],[-55.375,-27.4874],[-55.3513,-27.4855],[-55.3365,-27.4903],[-55.3411,-27.4928],[-55.3459,-27.5118],[-55.343,-27.5159],[-55.3507,-27.5307],[-55.3526,-27.5374]]]},"properties":{"id":"6085d533-d5ab-47b8-82d6-4fccef541f1f","nombre":"CAA YARI","zona":"SUR","departamento":11,"superficie_km2":9348.6}},
{"type":"Feature","geometry":{"type":"Polygon","coordinates":[[[-55.4578,-27.5138],[-55.4997,-27.5374],[-55.5149,-27.5154],[-55.5769,-27.5503],[-55.5598,-27.5746],[-55.5212,-27.6283],[-55.4348,-27.5784],[-55.4027,-27.56],[-55.4023,-27.5585],[-55.4176,-27.5493],[-55.424,-27.5507],[-55.4411,-27.541],[-55.4473,-27.532],[-55.4502,-27.5225],[-55.4578,-27.5138]]]},"properties":{"id":"ba8b841a-1c4a-4a55-8378-a2ee6fc43f45","nombre":"OLEGARIO VICTOR ANDRADE","zona":"SUR","departamento":11,"superficie_km2":11254.6}},
{"type":"Feature","geometry":{"type":"Polygon","coordinates":[[[-55.2364,-27.5465],[-55.2265,-27.5386],[-55.221,-27.5388],[-55.2172,-27.5317],[-55.2112,-27.5332],[-55.2098,-27.5252],[-55.1846,-27.5046],[-55.1905,-27.5069],[-55.2152,-27.5066],[-55.218,-27.4921],[-55.2116,-27.484],[-55.1934,-27.483],[-55.191,-27.4746],[-55.2088,-27.4614],[-55.2121,-27.4623],[-55.2219,-27.4541],[-55.2321,-27.4536],[-55.234,-27.444],[-55.2422,-27.4415],[-55.2493,-27.4455],[-55.2568,-27.4435],[-55.255,-27.4336],[-55.2478,-27.4309],[-55.2573,-27.4222],[-55.2598,-27.4292],[-55.2693,-27.4272],[-55.2725,-27.4218],[-55.2663,-27.4134],[-55.2729,-27.4096],[-55.2819,-27.4146],[-55.3194,-27.4361],[-55.3653,-27.4614],[-55.3576,-27.4656],[-55.3556,-27.458],[-55.3471,-27.4598],[-55.3344,-27.4715],[-55.3345,-27.4779],[-55.3297,-27.4792],[-55.3228,-27.4734],[-55.3111,-27.4777],[-55.314,-27.4668],[-55.3069,-27.4638],[-55.3017,-27.4646],[-55.2882,-27.4743],[-55.2884,-27.4802],[-55.2843,-27.485],[-55.2863,-27.4921],[-55.2838,-27.4993],[-55.2647,-27.5072],[-55.2586,-27.5122],[-55.2516,-27.5106],[-55.2438,-27.5145],[-55.2263,-27.5161],[-55.2516,-27.5217],[-55.2464,-27.5292],[-55.244,-27.5362],[-55.2364,-27.5465]]]},"properties":{"id":"3c6cc858-7b36-47cb-b71e-eb6aa7ef706f","nombre":"SAN MARTIN","zona":"SUR","departamento":13,"superficie_km2":9926.5}},
{"type":"Feature","geometry":{"type":"Polygon","coordinates":[[[-55.6603,-27.6192],[-55.6608,-27.6249],[-55.6563,-27.6318],[-55.6558,-27.6386],[-55.6098,-27.6445],[-55.6171,-27.697],[-55.4939,-27.7088],[-55.429,-27.7157],[-55.424,-27.6665],[-55.4051,-27.6684],[-55.3939,-27.6531],[-55.3871,-27.6431],[-55.4348,-27.5784],[-55.5212,-27.6283],[-55.5598,-27.5746],[-55.622,-27.6102],[-55.6282,-27.6137],[-55.633,-27.6232],[-55.639,-27.6261],[-55.6494,-27.6262],[-55.6576,-27.6236],[-55.6603,-27.6192]]]},"properties":{"id":"969db26f-6477-4031-83ab-168ba2621214","nombre":"CERRO AZUL","zona":"SUR","departamento":11,"superficie_km2":25298}},
{"type":"Feature","geometry":{"type":"Polygon","coordinates":[[[-55.3667,-27.1342],[-55.3663,-27.1043],[-55.3621,-27.1044],[-55.3622,-27.0911],[-55.3589,-27.0911],[-55.3587,-27.0638],[-55.2959,-27.0637],[-55.2959,-27.0554],[-55.2961,-27.0421],[-55.3624,-27.0417],[-55.3622,-26.9968],[-55.3748,-26.9966],[-55.3749,-26.9654],[-55.3789,-26.966],[-55.3905,-26.9731],[-55.4003,-26.9809],[-55.4125,-26.9867],[-55.428,-27.0005],[-55.4373,-27.0126],[-55.4441,-27.0279],[-55.4495,-27.0359],[-55.4526,-27.0443],[-55.4542,-27.0563],[-55.4541,-27.0757],[-55.4501,-27.0939],[-55.4402,-27.0921],[-55.4342,-27.0968],[-55.4298,-27.0961],[-55.4214,-27.1043],[-55.4315,-27.1102],[-55.4228,-27.1169],[-55.4198,-27.1087],[-55.4076,-27.1071],[-55.409,-27.1132],[-55.4068,-27.1181],[-55.398,-27.1152],[-55.4015,-27.1048],[-55.3946,-27.1021],[-55.3859,-27.106],[-55.3833,-27.1112],[-55.3736,-27.1175],[-55.3667,-27.1342]]]},"properties":{"id":"8660fc57-300b-4de0-85fa-30dca7a08491","nombre":"GENERAL URQUIZA","zona":"SUR","departamento":14,"superficie_km2":12947.5}},
{"type":"Feature","geometry":{"type":"Polygon","coordinates":[[[-54.5129,-27.2606],[-54.3631,-27.2304],[-54.3589,-27.224],[-54.3624,-27.2122],[-54.3727,-27.2133],[-54.3796,-27.2108],[-54.3723,-27.206],[-54.37,-27.198],[-54.2282,-27.1244],[-54.2472,-27.1223],[-54.2452,-27.1148],[-54.2395,-27.1113],[-54.241,-27.1052],[-54.2496,-27.1081],[-54.2485,-27.1014],[-54.2536,-27.1004],[-54.2641,-27.0947],[-54.2556,-27.0914],[-54.2547,-27.0867],[-54.2609,-27.0824],[-54.2607,-27.077],[-54.2538,-27.0742],[-54.2452,-27.0777],[-54.2391,-27.0759],[-54.2481,-27.0684],[-54.2558,-27.0656],[-54.2576,-27.0587],[-54.2433,-27.0595],[-54.2362,-27.0562],[-54.2384,-27.0466],[-54.2368,-27.0428],[-54.2443,-27.0396],[-54.2467,-27.0433],[-54.2541,-27.0362],[-54.2468,-27.0322],[-54.2512,-27.0219],[-54.2499,-27.016],[-54.2574,-27.0169],[-54.2626,-27.01],[-54.2689,-27.0091],[-54.2606,-26.9998],[-54.2682,-26.9958],[-54.2705,-26.9905],[-54.2645,-26.9878],[-54.2716,-26.9831],[-54.27,-26.9774],[-54.2804,-26.9721],[-54.2863,-26.9769],[-54.2898,-26.9702],[-54.2863,-26.9627],[-54.2776,-26.9647],[-54.2791,-26.9573],[-54.2845,-26.9571],[-54.2916,-26.9496],[-54.2888,-26.9431],[-54.2955,-26.9339],[-54.307,-26.9299],[-54.2984,-26.9155],[-54.3071,-26.9151],[-54.311,-26.9118],[-54.3186,-26.9119],[-54.317,-26.9056],[-54.32,-26.8978],[-54.3243,-26.8932],[-54.3302,-26.8917],[-54.3355,-26.8867],[-54.3454,-26.8828],[-54.3463,-26.8783],[-54.3423,-26.866],[-54.356,-26.8454],[-54.3552,-26.8382],[-54.3808,-26.8212],[-54.3725,-26.8101],[-54.3685,-26.8023],[-54.4015,-26.7778],[-54.3848,-26.7614],[-54.4246,-26.7371],[-54.4327,-26.7318],[-54.4732,-26.7763],[-54.5454,-26.83],[-54.5239,-26.854],[-54.5683,-26.8947],[-54.5659,-26.9142],[-54.5774,-26.9212],[-54.5791,-26.9196],[-54.5994,-26.9269],[-54.6136,-26.934],[-54.6086,-26.9451],[-54.5744,-27.0215],[-54.5702,-27.023],[-54.5405,-27.0924],[-54.5005,-27.0901],[-54.4996,-27.094],[-54.4904,-27.1064],[-54.4891,-27.115],[-54.4918,-27.1206],[-54.4869,-27.1295],[-54.4926,-27.1341],[-54.4864,-27.1425],[-54.495,-27.15],[-54.5033,-27.1542],[-54.4937,-27.1637],[-54.5009,-27.1744],[-54.5139,-27.1762],[-54.5142,-27.1835],[-54.5058,-27.1878],[-54.5194,-27.2006],[-54.5287,-27.2061],[-54.5288,-27.211],[-54.5196,-27.2242],[-54.5168,-27.2308],[-54.5256,-27.2369],[-54.5199,-27.2419],[-54.5228,-27.2457],[-54.5163,-27.2534],[-54.5129,-27.2606]]]},"properties":{"id":"b4aac9fe-5fae-42e6-9dc5-5dd0ad984dd3","nombre":"SAN VICENTE","zona":"CENTRO","departamento":8,"superficie_km2":123014.9}},
{"type":"Feature","geometry":{"type":"Polygon","coordinates":[[[-54.1779,-25.8581],[-54.1831,-25.9421],[-54.1833,-25.9454],[-54.1418,-25.9598],[-54.1131,-25.9683],[-54.09,-25.9623],[-54.0815,-25.9637],[-54.0876,-25.971],[-54.0974,-25.973],[-54.1027,-25.9861],[-54.0966,-25.9906],[-54.0938,-25.9827],[-54.0807,-25.9779],[-54.075,-25.9825],[-54.0811,-25.9853],[-54.0787,-25.9962],[-54.0829,-25.9964],[-54.0882,-26.0071],[-54.082,-26.0121],[-54.0789,-26.0011],[-54.0684,-25.9914],[-54.0624,-25.9917],[-54.0659,-25.9989],[-54.0595,-26.0051],[-54.0606,-26.0126],[-54.0532,-26.0136],[-54.0532,-26.0057],[-54.0566,-25.9994],[-54.053,-25.9911],[-54.048,-25.9934],[-54.0367,-25.9932],[-54.0376,-25.9988],[-54.0345,-26.0058],[-54.028,-26.0067],[-54.0138,-26.0119],[-54.0196,-26.0172],[-54.0219,-26.0291],[-54.0266,-26.0361],[-54.0111,-26.0305],[-54.006,-26.039],[-54.0072,-26.0466],[-54.0035,-26.0493],[-53.9992,-26.0414],[-53.9962,-26.0521],[-53.9879,-26.0556],[-53.976,-26.0551],[-53.978,-26.0591],[-53.9729,-26.0641],[-53.9787,-26.0694],[-53.9755,-26.0755],[-53.9686,-26.0718],[-53.963,-26.0716],[-53.9634,-26.0805],[-53.9595,-26.0836],[-53.9507,-26.0805],[-53.9492,-26.0877],[-53.9555,-26.0879],[-53.962,-26.0965],[-53.9572,-26.1056],[-53.954,-26.107],[-53.9397,-26.1032],[-53.9432,-26.1102],[-53.936,-26.1142],[-53.9396,-26.1212],[-53.9313,-26.1224],[-53.9274,-26.1259],[-53.9263,-26.1332],[-53.9229,-26.1377],[-53.9157,-26.1263],[-53.9029,-26.136],[-53.9123,-26.1369],[-53.9162,-26.1423],[-53.9135,-26.1486],[-53.9064,-26.1475],[-53.9058,-26.154],[-53.9113,-26.1547],[-53.9071,-26.1659],[-53.9044,-26.1667],[-53.9009,-26.1558],[-53.8922,-26.157],[-53.8924,-26.1636],[-53.8835,-26.1676],[-53.877,-26.1656],[-53.8733,-26.172],[-53.8856,-26.1747],[-53.8795,-26.1784],[-53.8715,-26.1783],[-53.8689,-26.1825],[-53.7739,-26.1938],[-53.7562,-26.1956],[-53.7372,-26.1861],[-53.7291,-26.1758],[-53.7268,-26.1596],[-53.7219,-26.1539],[-53.7205,-26.1469],[-53.7141,-26.1414],[-53.7137,-26.1284],[-53.7154,-26.1257],[-53.7208,-26.1296],[-53.7249,-26.1281],[-53.7348,-26.1172],[-53.7389,-26.1164],[-53.7418,-26.1075],[-53.7365,-26.1027],[-53.7352,-26.0967],[-53.7384,-26.0876],[-53.7327,-26.0764],[-53.7343,-26.0721],[-53.7279,-26.069],[-53.7266,-26.0639],[-53.7306,-26.06],[-53.7299,-26.0545],[-53.7352,-26.0437],[-53.7388,-26.0409],[-53.7477,-26.04],[-53.7625,-26.0353],[-53.77,-26.0313],[-53.7704,-26.0273],[-53.7771,-26.0172],[-53.7832,-26.0135],[-53.7814,-26.0052],[-53.7918,-26.0038],[-53.7955,-25.9985],[-53.8024,-25.9988],[-53.8011,-25.9886],[-53.8063,-25.9845],[-53.811,-25.9906],[-53.8195,-25.9838],[-53.8145,-25.9798],[-53.823,-25.9749],[-53.8346,-25.9732],[-53.8361,-25.9592],[-53.8402,-25.9536],[-53.843,-25.9367],[-53.8425,-25.9322],[-53.8259,-25.9289],[-53.82,-25.9262],[-53.8234,-25.9164],[-53.8193,-25.9121],[-53.8335,-25.9072],[-53.8235,-25.9047],[-53.8197,-25.898],[-53.8253,-25.8952],[-53.8357,-25.8952],[-53.8407,-25.8827],[-53.8403,-25.8786],[-53.8306,-25.8778],[-53.8234,-25.8713],[-53.8362,-25.8667],[-53.8317,-25.859],[-53.8423,-25.8603],[-53.8451,-25.8571],[-53.8535,-25.8593],[-53.8591,-25.8559],[-53.8642,-25.8606],[-53.8597,-25.8696],[-53.8683,-25.8749],[-53.8765,-25.8742],[-53.8813,-25.8821],[-53.8883,-25.8846],[-53.8928,-25.8914],[-53.9087,-25.8984],[-53.92,-25.9003],[-53.9305,-25.9188],[-53.935,-25.92],[-53.9456,-25.9075],[-53.953,-25.9135],[-53.9569,-25.9084],[-53.9578,-25.8995],[-53.9725,-25.8963],[-53.9883,-25.8851],[-53.9779,-25.8775],[-53.9771,-25.8714],[-53.9821,-25.8634],[-53.9832,-25.8546],[-53.9878,-25.8491],[-54.0008,-25.8394],[-54.0007,-25.8342],[-54.0059,-25.8268],[-54.0051,-25.8218],[-54.0111,-25.8194],[-54.0125,-25.8101],[-54.0233,-25.7996],[-54.0483,-25.7953],[-54.0634,-25.8069],[-54.0734,-25.8084],[-54.0789,-25.8139],[-54.0934,-25.8095],[-54.094,-25.799],[-54.0989,-25.8024],[-54.1069,-25.8008],[-54.12,-25.8051],[-54.1229,-25.8216],[-54.1311,-25.8283],[-54.1396,-25.8299],[-54.1413,-25.8353],[-54.1473,-25.8414],[-54.1635,-25.8455],[-54.1658,-25.8543],[-54.1718,-25.8594],[-54.1779,-25.8581]]]},"properties":{"id":"b9e848e1-5de9-4385-98a6-ccae382a4ff1","nombre":"SAN ANTONIO","zona":"NORTE","departamento":7,"superficie_km2":101441.3}},
{"type":"Feature","geometry":{"type":"Polygon","coordinates":[[[-54.6332,-27.1635],[-54.716,-27.1634],[-54.717,-27.1731],[-54.709,-27.1847],[-54.71,-27.1913],[-54.7009,-27.2045],[-54.7023,-27.2135],[-54.8275,-27.2483],[-54.8351,-27.2486],[-54.8332,-27.2541],[-54.8323,-27.2649],[-54.8227,-27.2628],[-54.8169,-27.2693],[-54.8178,-27.274],[-54.833,-27.2773],[-54.8239,-27.2934],[-54.8174,-27.2984],[-54.8246,-27.3028],[-54.8212,-27.3106],[-54.8289,-27.3125],[-54.8325,-27.3182],[-54.8212,-27.3266],[-54.8215,-27.3354],[-54.8124,-27.3408],[-54.8213,-27.3448],[-54.8226,-27.3523],[-54.8177,-27.3609],[-54.8308,-27.355],[-54.8322,-27.3611],[-54.8272,-27.3727],[-54.8197,-27.3854],[-54.8345,-27.3871],[-54.6721,-27.4485],[-54.6674,-27.4581],[-54.6567,-27.4673],[-54.6697,-27.4677],[-54.6712,-27.4761],[-54.6624,-27.4771],[-54.6542,-27.4978],[-54.6676,-27.4957],[-54.6787,-27.5015],[-54.6781,-27.5077],[-54.6658,-27.5057],[-54.6568,-27.5134],[-54.6512,-27.527],[-54.651,-27.5337],[-54.6438,-27.5442],[-54.6395,-27.5462],[-54.629,-27.5461],[-54.6197,-27.5393],[-54.6144,-27.5318],[-54.611,-27.5158],[-54.6077,-27.5066],[-54.5988,-27.493],[-54.5962,-27.4793],[-54.5933,-27.473],[-54.5928,-27.4623],[-54.5982,-27.4585],[-54.5979,-27.4541],[-54.592,-27.4406],[-54.5794,-27.4413],[-54.5744,-27.4336],[-54.5862,-27.4291],[-54.5747,-27.4197],[-54.5748,-27.4147],[-54.5836,-27.4089],[-54.5827,-27.3992],[-54.5751,-27.3984],[-54.5692,-27.4013],[-54.5672,-27.4066],[-54.5605,-27.4111],[-54.5537,-27.4096],[-54.556,-27.3992],[-54.5653,-27.3917],[-54.5603,-27.3867],[-54.5488,-27.3906],[-54.5399,-27.3917],[-54.5384,-27.3844],[-54.5556,-27.3841],[-54.5605,-27.381],[-54.5571,-27.3694],[-54.5445,-27.3674],[-54.5425,-27.3625],[-54.5472,-27.3589],[-54.542,-27.3453],[-54.5492,-27.3418],[-54.5639,-27.3278],[-54.553,-27.3247],[-54.5547,-27.318],[-54.5606,-27.3141],[-54.5675,-27.3042],[-54.5752,-27.303],[-54.5775,-27.2983],[-54.5729,-27.2925],[-54.5798,-27.2912],[-54.5861,-27.2807],[-54.5842,-27.275],[-54.5869,-27.2689],[-54.5945,-27.2683],[-54.5866,-27.2519],[-54.5911,-27.2473],[-54.6056,-27.2407],[-54.6056,-27.2368],[-54.5951,-27.2278],[-54.5928,-27.223],[-54.596,-27.2177],[-54.6011,-27.2244],[-54.6116,-27.2199],[-54.609,-27.2123],[-54.6212,-27.2134],[-54.6264,-27.212],[-54.6242,-27.2042],[-54.6123,-27.2031],[-54.6141,-27.1982],[-54.6203,-27.1967],[-54.6151,-27.1886],[-54.6133,-27.1817],[-54.6051,-27.1804],[-54.6026,-27.177],[-54.6062,-27.1714],[-54.6134,-27.1686],[-54.6113,-27.1639],[-54.6332,-27.1635]]]},"properties":{"id":"f77ba22c-7120-4063-9baf-dd8e7eb61b52","nombre":"25 DE MAYO","zona":"CENTRO","departamento":17,"superficie_km2":68881.5}},
{"type":"Feature","geometry":{"type":"Polygon","coordinates":[[[-54.8345,-27.3871],[-54.9253,-27.3529],[-54.9221,-27.3615],[-54.9157,-27.3673],[-54.9179,-27.3755],[-54.9149,-27.3825],[-54.9091,-27.3878],[-54.916,-27.3925],[-54.9178,-27.399],[-54.9145,-27.4066],[-54.9192,-27.4159],[-54.9201,-27.4289],[-54.9168,-27.4351],[-54.9256,-27.4383],[-54.9243,-27.4426],[-54.9293,-27.449],[-54.9279,-27.4588],[-54.9179,-27.4596],[-54.9159,-27.4627],[-54.9164,-27.472],[-54.9019,-27.4727],[-54.9005,-27.4817],[-54.9091,-27.4837],[-54.9124,-27.4893],[-54.8979,-27.4915],[-54.8914,-27.4949],[-54.8825,-27.4957],[-54.8819,-27.5059],[-54.8759,-27.5082],[-54.8685,-27.5067],[-54.8665,-27.513],[-54.8746,-27.5157],[-54.8789,-27.521],[-54.8712,-27.5244],[-54.8605,-27.5331],[-54.8625,-27.5411],[-54.8665,-27.5462],[-54.8611,-27.553],[-54.8816,-27.552],[-54.882,-27.5565],[-54.8782,-27.565],[-54.8557,-27.5633],[-54.8534,-27.5698],[-54.8606,-27.5754],[-54.8682,-27.5783],[-54.8724,-27.5858],[-54.8698,-27.5939],[-54.8637,-27.5972],[-54.8601,-27.6036],[-54.8683,-27.6085],[-54.8709,-27.6136],[-54.8679,-27.6171],[-54.8524,-27.6139],[-54.847,-27.6192],[-54.8416,-27.6095],[-54.8369,-27.5884],[-54.8281,-27.5576],[-54.8152,-27.5352],[-54.8118,-27.5312],[-54.8015,-27.5296],[-54.7943,-27.5356],[-54.7898,-27.554],[-54.7887,-27.5665],[-54.7857,-27.5771],[-54.7794,-27.5828],[-54.7697,-27.5853],[-54.7612,-27.5837],[-54.7566,-27.5791],[-54.7483,-27.5651],[-54.7346,-27.5608],[-54.7182,-27.565],[-54.6943,-27.5727],[-54.6827,-27.5747],[-54.6769,-27.5739],[-54.673,-27.569],[-54.6723,-27.5604],[-54.6776,-27.5357],[-54.6806,-27.5286],[-54.6799,-27.513],[-54.6781,-27.5077],[-54.6787,-27.5015],[-54.6676,-27.4957],[-54.6542,-27.4978],[-54.6624,-27.4771],[-54.6712,-27.4761],[-54.6697,-27.4677],[-54.6567,-27.4673],[-54.6674,-27.4581],[-54.6721,-27.4485],[-54.8345,-27.3871]]]},"properties":{"id":"db62f53b-e2aa-4791-b599-3408aa1645b1","nombre":"ALBA POSSE","zona":"CENTRO","departamento":17,"superficie_km2":41518.5}},
{"type":"Feature","geometry":{"type":"Polygon","coordinates":[[[-54.9674,-27.5705],[-54.9713,-27.5696],[-55.0086,-27.5215],[-55.0156,-27.5257],[-55.0202,-27.5177],[-55.0259,-27.5212],[-55.0324,-27.5134],[-55.0406,-27.5188],[-55.0546,-27.5006],[-55.1054,-27.5352],[-55.1187,-27.54],[-55.1268,-27.5385],[-55.1245,-27.5526],[-55.1259,-27.5658],[-55.1347,-27.5677],[-55.1375,-27.5724],[-55.1323,-27.6229],[-55.0755,-27.619],[-55.0591,-27.6381],[-55.0577,-27.637],[-54.9674,-27.5705]]]},"properties":{"id":"5920f227-1235-488e-94df-241f166e290c","nombre":"LOS HELECHOS","zona":"SUR","departamento":13,"superficie_km2":15294.2}},
{"type":"Feature","geometry":{"type":"Polygon","coordinates":[[[-55.1688,-27.6479],[-55.1653,-27.6983],[-55.1899,-27.7001],[-55.1894,-27.7328],[-55.1873,-27.7309],[-55.1716,-27.7461],[-55.1586,-27.7358],[-55.1402,-27.7979],[-55.1117,-27.795],[-55.085,-27.7931],[-55.081,-27.7799],[-55.0734,-27.7741],[-55.0636,-27.7706],[-55.048,-27.7703],[-55.0405,-27.7655],[-55.0387,-27.7573],[-55.0462,-27.7565],[-55.0489,-27.7473],[-55.0403,-27.7415],[-55.045,-27.736],[-55.0571,-27.7384],[-55.0517,-27.7277],[-55.0538,-27.7216],[-55.0613,-27.7234],[-55.0713,-27.72],[-55.0699,-27.716],[-55.0726,-27.7049],[-55.0885,-27.7066],[-55.0939,-27.7011],[-55.0906,-27.6967],[-55.0971,-27.6889],[-55.1027,-27.6905],[-55.1126,-27.6886],[-55.1054,-27.6827],[-55.1115,-27.6759],[-55.1131,-27.6442],[-55.1688,-27.6479]]]},"properties":{"id":"4b70e2a8-cc3e-412f-8c20-9a2c285e9c18","nombre":"MOJON GRANDE","zona":"SUR","departamento":15,"superficie_km2":14254.2}},
{"type":"Feature","geometry":{"type":"Polygon","coordinates":[[[-55.0967,-27.3525],[-55.1416,-27.3806],[-55.1356,-27.3891],[-55.1394,-27.4118],[-55.1388,-27.4175],[-55.1308,-27.4184],[-55.1323,-27.4269],[-55.1257,-27.4278],[-55.1372,-27.4453],[-55.1444,-27.4527],[-55.1519,-27.4553],[-55.1731,-27.4682],[-55.179,-27.4625],[-55.1958,-27.4569],[-55.2026,-27.456],[-55.2088,-27.4614],[-55.191,-27.4746],[-55.1934,-27.483],[-55.2116,-27.484],[-55.218,-27.4921],[-55.2152,-27.5066],[-55.1905,-27.5069],[-55.1846,-27.5046],[-55.1768,-27.5007],[-55.1714,-27.5046],[-55.1564,-27.499],[-55.1406,-27.4991],[-55.1341,-27.5193],[-55.1297,-27.526],[-55.1268,-27.5385],[-55.1187,-27.54],[-55.1054,-27.5352],[-55.0546,-27.5006],[-55.0735,-27.477],[-55.0797,-27.48],[-55.0825,-27.4252],[-55.0738,-27.4214],[-55.0564,-27.3997],[-55.0606,-27.3862],[-55.0568,-27.3799],[-55.0751,-27.3558],[-55.0879,-27.3638],[-55.0967,-27.3525]]]},"properties":{"id":"9599fc10-04e3-4f80-87c8-e8981bfd671d","nombre":"OBERA","zona":"SUR","departamento":13,"superficie_km2":15441.4}},
{"type":"Feature","geometry":{"type":"Polygon","coordinates":[[[-55.1368,-27.2818],[-55.1393,-27.2851],[-55.1486,-27.2863],[-55.1531,-27.2902],[-55.1598,-27.2906],[-55.1664,-27.2879],[-55.1671,-27.2958],[-55.1755,-27.2939],[-55.1901,-27.2961],[-55.1965,-27.3032],[-55.1966,-27.3103],[-55.1908,-27.3136],[-55.1923,-27.3221],[-55.1953,-27.3234],[-55.2059,-27.3184],[-55.2132,-27.3245],[-55.2184,-27.3212],[-55.2218,-27.3262],[-55.232,-27.3337],[-55.2407,-27.333],[-55.2535,-27.3433],[-55.264,-27.3425],[-55.2681,-27.3351],[-55.2742,-27.3396],[-55.273,-27.346],[-55.2765,-27.3539],[-55.2773,-27.3619],[-55.2904,-27.3653],[-55.2802,-27.371],[-55.2849,-27.3777],[-55.2826,-27.392],[-55.2886,-27.4056],[-55.2819,-27.4077],[-55.2819,-27.4146],[-55.2729,-27.4096],[-55.2663,-27.4134],[-55.2725,-27.4218],[-55.2693,-27.4272],[-55.2598,-27.4292],[-55.2573,-27.4222],[-55.2478,-27.4309],[-55.255,-27.4336],[-55.2568,-27.4435],[-55.2493,-27.4455],[-55.2422,-27.4415],[-55.2349,-27.4266],[-55.2346,-27.422],[-55.2272,-27.4186],[-55.2314,-27.4134],[-55.2306,-27.4089],[-55.2167,-27.4034],[-55.2105,-27.409],[-55.2034,-27.4026],[-55.2069,-27.3923],[-55.1978,-27.3786],[-55.1821,-27.3728],[-55.1711,-27.364],[-55.1586,-27.3589],[-55.1416,-27.3806],[-55.0967,-27.3525],[-55.1267,-27.314],[-55.1357,-27.3103],[-55.1368,-27.2818]]]},"properties":{"id":"fd4027cd-efbc-4502-b282-e2b1eef8f8e2","nombre":"COLONIA ALBERDI","zona":"SUR","departamento":13,"superficie_km2":14632.6}},
{"type":"Feature","geometry":{"type":"Polygon","coordinates":[[[-55.2088,-27.4614],[-55.2026,-27.456],[-55.1958,-27.4569],[-55.179,-27.4625],[-55.1731,-27.4682],[-55.1519,-27.4553],[-55.1444,-27.4527],[-55.1372,-27.4453],[-55.1257,-27.4278],[-55.1323,-27.4269],[-55.1308,-27.4184],[-55.1388,-27.4175],[-55.1394,-27.4118],[-55.1356,-27.3891],[-55.1416,-27.3806],[-55.1586,-27.3589],[-55.1711,-27.364],[-55.1821,-27.3728],[-55.1978,-27.3786],[-55.2069,-27.3923],[-55.2034,-27.4026],[-55.2105,-27.409],[-55.2167,-27.4034],[-55.2306,-27.4089],[-55.2314,-27.4134],[-55.2272,-27.4186],[-55.2346,-27.422],[-55.2349,-27.4266],[-55.2422,-27.4415],[-55.234,-27.444],[-55.2321,-27.4536],[-55.2219,-27.4541],[-55.2121,-27.4623],[-55.2088,-27.4614]]]},"properties":{"id":"26f8d771-7c00-4b14-85f9-3aa84055909f","nombre":"GENERAL ALVEAR","zona":"SUR","departamento":13,"superficie_km2":8271.9}},
{"type":"Feature","geometry":{"type":"Polygon","coordinates":[[[-55.0963,-26.9527],[-55.0993,-27.0581],[-55.0993,-27.0624],[-55.0116,-27.0622],[-55.0064,-27.0692],[-54.9978,-27.0707],[-54.992,-27.0816],[-54.9777,-27.0825],[-54.9736,-27.0612],[-54.9798,-27.0566],[-54.9801,-27.047],[-54.9753,-27.0446],[-54.975,-27.0326],[-54.9784,-27.0286],[-54.9806,-27.0187],[-54.9898,-27.0089],[-54.999,-27.0083],[-54.9948,-26.9652],[-55.0252,-26.9652],[-55.0245,-26.9573],[-55.0291,-26.9526],[-55.0554,-26.9526],[-55.0554,-26.9497],[-55.0806,-26.9529],[-55.0963,-26.9527]]]},"properties":{"id":"b71c24b7-d343-461b-afc9-0221e3c86384","nombre":"RUIZ DE MONTOYA","zona":"CENTRO","departamento":10,"superficie_km2":13403.3}},
{"type":"Feature","geometry":{"type":"Polygon","coordinates":[[[-55.1894,-27.7328],[-55.1962,-27.7388],[-55.2721,-27.7447],[-55.2661,-27.7514],[-55.2535,-27.7541],[-55.2561,-27.7588],[-55.2571,-27.7683],[-55.2498,-27.7757],[-55.2189,-27.8018],[-55.2098,-27.8044],[-55.2074,-27.8153],[-55.2073,-27.8257],[-55.21,-27.832],[-55.2,-27.8406],[-55.2004,-27.8454],[-55.2071,-27.8484],[-55.2143,-27.8486],[-55.2192,-27.8557],[-55.2065,-27.8608],[-55.1909,-27.8566],[-55.1786,-27.8568],[-55.1594,-27.87],[-55.1556,-27.879],[-55.1489,-27.8828],[-55.1384,-27.8945],[-55.1293,-27.8954],[-55.126,-27.8908],[-55.1229,-27.8793],[-55.127,-27.8614],[-55.1202,-27.853],[-55.1098,-27.8482],[-55.0929,-27.8432],[-55.0862,-27.8427],[-55.065,-27.8476],[-55.0464,-27.8554],[-55.0352,-27.8578],[-55.0311,-27.8561],[-55.0241,-27.847],[-55.0237,-27.8378],[-55.0259,-27.8304],[-55.0335,-27.825],[-55.0431,-27.8217],[-55.059,-27.813],[-55.0679,-27.8035],[-55.0825,-27.7971],[-55.085,-27.7931],[-55.1117,-27.795],[-55.1402,-27.7979],[-55.1586,-27.7358],[-55.1716,-27.7461],[-55.1873,-27.7309],[-55.1894,-27.7328]]]},"properties":{"id":"cd139a9d-9b24-4966-9f40-c91e73800c30","nombre":"SAN JAVIER","zona":"SUR","departamento":15,"superficie_km2":17983.5}},
{"type":"Feature","geometry":{"type":"Polygon","coordinates":[[[-55.1899,-27.7001],[-55.2173,-27.7016],[-55.2185,-27.6885],[-55.2293,-27.6799],[-55.2399,-27.6801],[-55.2455,-27.6761],[-55.2466,-27.6621],[-55.2682,-27.6634],[-55.2831,-27.6687],[-55.2892,-27.6682],[-55.2961,-27.6566],[-55.3024,-27.6523],[-55.3209,-27.6741],[-55.333,-27.69],[-55.3473,-27.7131],[-55.2971,-27.7434],[-55.2881,-27.7322],[-55.2721,-27.7447],[-55.1962,-27.7388],[-55.1894,-27.7328],[-55.1899,-27.7001]]]},"properties":{"id":"17fe6427-6dba-4979-9969-11b0abe276c5","nombre":"DOS ARROYOS","zona":"SUR","departamento":11,"superficie_km2":9988.7}},
{"type":"Feature","geometry":{"type":"Polygon","coordinates":[[[-55.4094,-28.0506],[-55.4001,-28.0439],[-55.3902,-28.0412],[-55.3782,-28.0342],[-55.3665,-28.0214],[-55.382,-27.999],[-55.3857,-27.9887],[-55.3802,-27.9792],[-55.3687,-27.9748],[-55.3484,-27.972],[-55.3374,-27.9685],[-55.3347,-27.9575],[-55.3357,-27.9473],[-55.3313,-27.9346],[-55.3259,-27.9252],[-55.313,-27.9226],[-55.3575,-27.7783],[-55.5014,-27.7635],[-55.5234,-27.7612],[-55.5545,-27.8314],[-55.5568,-27.8353],[-55.5493,-27.8399],[-55.5482,-27.8454],[-55.5342,-27.8582],[-55.5288,-27.8719],[-55.519,-27.8791],[-55.5132,-27.8967],[-55.5018,-27.8992],[-55.4821,-27.906],[-55.4782,-27.906],[-55.4669,-27.9134],[-55.4664,-27.9192],[-55.4591,-27.9287],[-55.4562,-27.936],[-55.46,-27.9466],[-55.4495,-27.9673],[-55.4463,-27.9693],[-55.4446,-27.9831],[-55.4345,-27.9905],[-55.4244,-27.9926],[-55.4207,-27.9974],[-55.4226,-28.0133],[-55.4177,-28.0219],[-55.4034,-28.028],[-55.4063,-28.037],[-55.4033,-28.0431],[-55.4094,-28.0506]]]},"properties":{"id":"5cc0aff9-cf7b-4ca2-8b77-c4f7038632f1","nombre":"SANTA MARIA","zona":"SUR","departamento":5,"superficie_km2":41937.5}},
{"type":"Feature","geometry":{"type":"Polygon","coordinates":[[[-55.2577,-27.5621],[-55.1807,-27.6119],[-55.181,-27.6219],[-55.1759,-27.6215],[-55.1705,-27.6253],[-55.1323,-27.6229],[-55.1375,-27.5724],[-55.1347,-27.5677],[-55.1259,-27.5658],[-55.1245,-27.5526],[-55.1268,-27.5385],[-55.1297,-27.526],[-55.1341,-27.5193],[-55.1406,-27.4991],[-55.1564,-27.499],[-55.1714,-27.5046],[-55.1768,-27.5007],[-55.1846,-27.5046],[-55.2098,-27.5252],[-55.2112,-27.5332],[-55.2172,-27.5317],[-55.221,-27.5388],[-55.2265,-27.5386],[-55.2364,-27.5465],[-55.2469,-27.5552],[-55.2577,-27.5621]]]},"properties":{"id":"b7ac64ef-8dea-43fe-bdd4-bd575270c62b","nombre":"GUARANI","zona":"SUR","departamento":13,"superficie_km2":11040.3}},
{"type":"Feature","geometry":{"type":"Polygon","coordinates":[[[-55.4939,-27.7088],[-55.5014,-27.7635],[-55.3575,-27.7783],[-55.331,-27.7815],[-55.3312,-27.7858],[-55.2971,-27.7434],[-55.3473,-27.7131],[-55.333,-27.69],[-55.3939,-27.6531],[-55.4051,-27.6684],[-55.424,-27.6665],[-55.429,-27.7157],[-55.4939,-27.7088]]]},"properties":{"id":"a7092afd-20e0-421d-bbad-cf9ea5f4c523","nombre":"ARROYO DEL MEDIO","zona":"SUR","departamento":11,"superficie_km2":16396.5}},
{"type":"Feature","geometry":{"type":"Polygon","coordinates":[[[-55.849,-27.7579],[-55.8349,-27.7827],[-55.8222,-27.7933],[-55.8341,-27.798],[-55.8331,-27.804],[-55.8354,-27.8226],[-55.8441,-27.8308],[-55.8417,-27.8415],[-55.8339,-27.846],[-55.8264,-27.8542],[-55.8178,-27.8524],[-55.8077,-27.8476],[-55.7958,-27.8371],[-55.7953,-27.8296],[-55.7904,-27.8247],[-55.5682,-27.8519],[-55.5568,-27.8353],[-55.5545,-27.8314],[-55.5234,-27.7612],[-55.5014,-27.7635],[-55.4939,-27.7088],[-55.6171,-27.697],[-55.6196,-27.715],[-55.6636,-27.7101],[-55.6695,-27.7489],[-55.7034,-27.744],[-55.7022,-27.7367],[-55.7113,-27.7313],[-55.7132,-27.725],[-55.7182,-27.7219],[-55.7224,-27.7145],[-55.7276,-27.7101],[-55.7313,-27.7131],[-55.7525,-27.717],[-55.7546,-27.7063],[-55.7657,-27.6956],[-55.7729,-27.6911],[-55.7745,-27.7012],[-55.7821,-27.7142],[-55.7766,-27.7311],[-55.7802,-27.7344],[-55.801,-27.7463],[-55.849,-27.7579]]]},"properties":{"id":"d09cf78e-f0c1-46c1-9a54-28487d845ed4","nombre":"SAN JOSE","zona":"SUR","departamento":1,"superficie_km2":41392.9}},
{"type":"Feature","geometry":{"type":"Polygon","coordinates":[[[-55.5568,-27.8353],[-55.5682,-27.8519],[-55.5873,-27.8806],[-55.6312,-27.944],[-55.5772,-27.9451],[-55.5657,-27.9626],[-55.5645,-27.9732],[-55.5671,-27.9768],[-55.5598,-27.9979],[-55.5621,-28.0073],[-55.5574,-28.0112],[-55.5576,-28.0239],[-55.5545,-28.0251],[-55.5554,-28.0345],[-55.554,-28.0419],[-55.559,-28.0484],[-55.558,-28.0539],[-55.5653,-28.0641],[-55.5654,-28.0719],[-55.5605,-28.0797],[-55.5622,-28.0841],[-55.5668,-28.0899],[-55.5728,-28.0926],[-55.5734,-28.1008],[-55.5782,-28.1077],[-55.5836,-28.1043],[-55.5858,-28.116],[-55.5921,-28.1168],[-55.5823,-28.1249],[-55.5824,-28.1303],[-55.5875,-28.1386],[-55.5876,-28.1446],[-55.5826,-28.15],[-55.5713,-28.1561],[-55.5599,-28.1642],[-55.554,-28.1632],[-55.5482,-28.1574],[-55.5454,-28.1343],[-55.5405,-28.1239],[-55.531,-28.1157],[-55.5152,-28.1152],[-55.5094,-28.1117],[-55.4965,-28.0765],[-55.4807,-28.0794],[-55.4712,-28.0855],[-55.4638,-28.0934],[-55.4516,-28.0999],[-55.444,-28.0977],[-55.4402,-28.0899],[-55.4296,-28.078],[-55.4258,-28.068],[-55.4208,-28.0605],[-55.414,-28.0565],[-55.4094,-28.0506],[-55.4033,-28.0431],[-55.4063,-28.037],[-55.4034,-28.028],[-55.4177,-28.0219],[-55.4226,-28.0133],[-55.4207,-27.9974],[-55.4244,-27.9926],[-55.4345,-27.9905],[-55.4446,-27.9831],[-55.4463,-27.9693],[-55.4495,-27.9673],[-55.46,-27.9466],[-55.4562,-27.936],[-55.4591,-27.9287],[-55.4664,-27.9192],[-55.4669,-27.9134],[-55.4782,-27.906],[-55.4821,-27.906],[-55.5018,-27.8992],[-55.5132,-27.8967],[-55.519,-27.8791],[-55.5288,-27.8719],[-55.5342,-27.8582],[-55.5482,-27.8454],[-55.5493,-27.8399],[-55.5568,-27.8353]]]},"properties":{"id":"de9dbbbf-b189-492d-af80-adf180f34595","nombre":"CONCEPCION DE LA SIERRA","zona":"SUR","departamento":5,"superficie_km2":35650}},
{"type":"Feature","geometry":{"type":"Polygon","coordinates":[[[-55.2721,-27.7447],[-55.2881,-27.7322],[-55.2971,-27.7434],[-55.3312,-27.7858],[-55.331,-27.7815],[-55.3575,-27.7783],[-55.313,-27.9226],[-55.3066,-27.9232],[-55.2869,-27.9315],[-55.2772,-27.9328],[-55.2666,-27.9305],[-55.2585,-27.9252],[-55.2421,-27.9059],[-55.2324,-27.8856],[-55.2129,-27.869],[-55.2065,-27.8608],[-55.2192,-27.8557],[-55.2143,-27.8486],[-55.2071,-27.8484],[-55.2004,-27.8454],[-55.2,-27.8406],[-55.21,-27.832],[-55.2073,-27.8257],[-55.2074,-27.8153],[-55.2098,-27.8044],[-55.2189,-27.8018],[-55.2498,-27.7757],[-55.2571,-27.7683],[-55.2561,-27.7588],[-55.2535,-27.7541],[-55.2661,-27.7514],[-55.2721,-27.7447]]]},"properties":{"id":"2a6cafff-49d4-4d87-9e20-5818cb640af8","nombre":"ITACARUARE","zona":"SUR","departamento":15,"superficie_km2":20115.4}},
{"type":"Feature","geometry":{"type":"Polygon","coordinates":[[[-55.5622,-28.0841],[-55.6312,-28.0227],[-55.6534,-28.0026],[-55.6636,-28.0003],[-55.6718,-27.9921],[-55.675,-27.9972],[-55.6819,-27.994],[-55.6845,-27.9873],[-55.6775,-27.9831],[-55.6805,-27.9763],[-55.6884,-27.9747],[-55.6929,-27.9674],[-55.6983,-27.9633],[-55.7588,-28.0169],[-55.7479,-28.0365],[-55.7568,-28.0521],[-55.7545,-28.0619],[-55.7447,-28.0625],[-55.7404,-28.0601],[-55.7324,-28.0667],[-55.7247,-28.0657],[-55.7147,-28.0615],[-55.7105,-28.0684],[-55.714,-28.0775],[-55.7123,-28.0853],[-55.7023,-28.0917],[-55.6922,-28.0901],[-55.6681,-28.1062],[-55.6649,-28.1107],[-55.6543,-28.1151],[-55.6471,-28.126],[-55.641,-28.1322],[-55.6301,-28.1346],[-55.625,-28.1379],[-55.6103,-28.1186],[-55.6017,-28.1155],[-55.5921,-28.1168],[-55.5858,-28.116],[-55.5836,-28.1043],[-55.5782,-28.1077],[-55.5734,-28.1008],[-55.5728,-28.0926],[-55.5668,-28.0899],[-55.5622,-28.0841]]]},"properties":{"id":"3f6fd7ee-7f0d-4400-95e9-ea3abd740b14","nombre":"AZARA","zona":"SUR","departamento":1,"superficie_km2":17921.8}},
{"type":"Feature","geometry":{"type":"Polygon","coordinates":[[[-55.8264,-27.8542],[-55.829,-27.8709],[-55.8285,-27.8829],[-55.8342,-27.8901],[-55.8301,-27.8944],[-55.8301,-27.9044],[-55.8188,-27.9094],[-55.8123,-27.919],[-55.814,-27.9274],[-55.8126,-27.9338],[-55.8173,-27.9382],[-55.8217,-27.9495],[-55.8166,-27.9547],[-55.8088,-27.9536],[-55.8007,-27.9632],[-55.8042,-27.9699],[-55.8004,-27.9741],[-55.7862,-27.981],[-55.7811,-27.9918],[-55.776,-27.9933],[-55.7733,-28],[-55.7741,-28.0092],[-55.7588,-28.0169],[-55.6983,-27.9633],[-55.6537,-27.9239],[-55.6312,-27.944],[-55.5873,-27.8806],[-55.5682,-27.8519],[-55.7904,-27.8247],[-55.7953,-27.8296],[-55.7958,-27.8371],[-55.8077,-27.8476],[-55.8178,-27.8524],[-55.8264,-27.8542]]]},"properties":{"id":"5d94ed23-7bec-4b64-a81c-d2a19c3eea2c","nombre":"APOSTOLES","zona":"SUR","departamento":1,"superficie_km2":31508.2}},
{"type":"Feature","geometry":{"type":"Polygon","coordinates":[[[-55.6312,-27.944],[-55.6537,-27.9239],[-55.6983,-27.9633],[-55.6929,-27.9674],[-55.6884,-27.9747],[-55.6805,-27.9763],[-55.6775,-27.9831],[-55.6845,-27.9873],[-55.6819,-27.994],[-55.675,-27.9972],[-55.6718,-27.9921],[-55.6636,-28.0003],[-55.6534,-28.0026],[-55.6312,-28.0227],[-55.5622,-28.0841],[-55.5605,-28.0797],[-55.5654,-28.0719],[-55.5653,-28.0641],[-55.558,-28.0539],[-55.559,-28.0484],[-55.554,-28.0419],[-55.5554,-28.0345],[-55.5545,-28.0251],[-55.5576,-28.0239],[-55.5574,-28.0112],[-55.5621,-28.0073],[-55.5598,-27.9979],[-55.5671,-27.9768],[-55.5645,-27.9732],[-55.5657,-27.9626],[-55.5772,-27.9451],[-55.6312,-27.944]]]},"properties":{"id":"28ba5ae5-0cac-4b96-93ae-7f4c139d3729","nombre":"TRES CAPONES","zona":"SUR","departamento":1,"superficie_km2":12241.2}},
{"type":"Feature","geometry":{"type":"Polygon","coordinates":[[[-55.7786,-27.4987],[-55.7703,-27.502],[-55.7638,-27.4993],[-55.755,-27.4912],[-55.7445,-27.4926],[-55.74,-27.4872],[-55.7297,-27.4861],[-55.7177,-27.4961],[-55.7254,-27.4999],[-55.7256,-27.5049],[-55.7182,-27.5092],[-55.716,-27.5185],[-55.7196,-27.5217],[-55.6997,-27.5266],[-55.6912,-27.5192],[-55.6838,-27.5169],[-55.6718,-27.5082],[-55.6572,-27.51],[-55.6533,-27.5052],[-55.6449,-27.5023],[-55.6329,-27.5074],[-55.6281,-27.4944],[-55.631,-27.4937],[-55.6445,-27.4807],[-55.6551,-27.4786],[-55.6534,-27.4647],[-55.6415,-27.4531],[-55.6435,-27.4436],[-55.6539,-27.4412],[-55.6582,-27.4353],[-55.6582,-27.424],[-55.6666,-27.4169],[-55.6773,-27.4194],[-55.6873,-27.4176],[-55.7086,-27.4197],[-55.7151,-27.4161],[-55.7192,-27.4263],[-55.7299,-27.4403],[-55.7389,-27.4442],[-55.7535,-27.4445],[-55.7771,-27.4417],[-55.794,-27.4336],[-55.8006,-27.4426],[-55.8056,-27.4532],[-55.8086,-27.4544],[-55.8165,-27.4762],[-55.8053,-27.4757],[-55.7949,-27.4842],[-55.7945,-27.4843],[-55.7909,-27.4873],[-55.7786,-27.4987]]]},"properties":{"id":"2d00b64e-abbd-4f14-b311-f98193ebcb7b","nombre":"CANDELARIA","zona":"SUR","departamento":3,"superficie_km2":12645.1}},
{"type":"Feature","geometry":{"type":"Polygon","coordinates":[[[-55.4015,-27.4813],[-55.4112,-27.4875],[-55.4578,-27.5138],[-55.4502,-27.5225],[-55.4473,-27.532],[-55.4411,-27.541],[-55.424,-27.5507],[-55.4176,-27.5493],[-55.4023,-27.5585],[-55.3978,-27.5565],[-55.3895,-27.5616],[-55.3827,-27.5684],[-55.3708,-27.5755],[-55.3335,-27.5541],[-55.3442,-27.5491],[-55.3526,-27.5374],[-55.3507,-27.5307],[-55.343,-27.5159],[-55.3459,-27.5118],[-55.3411,-27.4928],[-55.3365,-27.4903],[-55.3513,-27.4855],[-55.375,-27.4874],[-55.3856,-27.486],[-55.4015,-27.4813]]]},"properties":{"id":"6bf7625d-d148-4342-b38c-58e457da126b","nombre":"ALMAFUERTE","zona":"SUR","departamento":11,"superficie_km2":8383}},
{"type":"Feature","geometry":{"type":"Polygon","coordinates":[[[-55.622,-27.6102],[-55.5598,-27.5746],[-55.5769,-27.5503],[-55.5149,-27.5154],[-55.555,-27.4631],[-55.5594,-27.4574],[-55.5538,-27.4444],[-55.5557,-27.4402],[-55.6051,-27.4672],[-55.6109,-27.483],[-55.6214,-27.4944],[-55.6281,-27.4944],[-55.6329,-27.5074],[-55.6449,-27.5023],[-55.6533,-27.5052],[-55.6572,-27.51],[-55.6718,-27.5082],[-55.6838,-27.5169],[-55.6912,-27.5192],[-55.6997,-27.5266],[-55.7003,-27.5315],[-55.6947,-27.5357],[-55.6903,-27.5459],[-55.6841,-27.5467],[-55.6802,-27.5434],[-55.6718,-27.5437],[-55.6652,-27.5469],[-55.622,-27.6102]]]},"properties":{"id":"09e10c12-dc1c-47f1-a2e3-fd083a7d7365","nombre":"CERRO CORA","zona":"SUR","departamento":3,"superficie_km2":15208.2}},
{"type":"Feature","geometry":{"type":"Polygon","coordinates":[[[-55.6281,-27.4944],[-55.6214,-27.4944],[-55.6109,-27.483],[-55.6051,-27.4672],[-55.5557,-27.4402],[-55.5538,-27.4444],[-55.5594,-27.4574],[-55.555,-27.4631],[-55.5514,-27.4605],[-55.5326,-27.462],[-55.5285,-27.4577],[-55.5095,-27.4492],[-55.502,-27.448],[-55.4824,-27.4487],[-55.5834,-27.3153],[-55.5896,-27.3169],[-55.5888,-27.3207],[-55.5928,-27.33],[-55.5974,-27.3353],[-55.6201,-27.3521],[-55.6384,-27.3626],[-55.6539,-27.3684],[-55.6669,-27.3706],[-55.6771,-27.3739],[-55.6932,-27.3873],[-55.7001,-27.3977],[-55.7071,-27.4037],[-55.7151,-27.4161],[-55.7086,-27.4197],[-55.6873,-27.4176],[-55.6773,-27.4194],[-55.6666,-27.4169],[-55.6582,-27.424],[-55.6582,-27.4353],[-55.6539,-27.4412],[-55.6435,-27.4436],[-55.6415,-27.4531],[-55.6534,-27.4647],[-55.6551,-27.4786],[-55.6445,-27.4807],[-55.631,-27.4937],[-55.6281,-27.4944]]]},"properties":{"id":"391c6ff3-b7ac-48c3-b502-f2fc9275e02d","nombre":"SANTA ANA","zona":"SUR","departamento":3,"superficie_km2":20088.6}},
{"type":"Feature","geometry":{"type":"Polygon","coordinates":[[[-55.4363,-27.1487],[-55.4426,-27.1408],[-55.4666,-27.1195],[-55.4707,-27.1098],[-55.4776,-27.111],[-55.5147,-27.1034],[-55.5428,-27.1028],[-55.5559,-27.106],[-55.5634,-27.1173],[-55.5642,-27.123],[-55.5619,-27.1324],[-55.5621,-27.1593],[-55.5482,-27.1636],[-55.5383,-27.1737],[-55.5345,-27.182],[-55.527,-27.1886],[-55.5195,-27.1865],[-55.4913,-27.2114],[-55.4771,-27.1983],[-55.4851,-27.1911],[-55.4363,-27.1487]]]},"properties":{"id":"c67b9ac9-34c4-4456-8252-8c6777de2045","nombre":"CORPUS","zona":"SUR","departamento":14,"superficie_km2":9313.5}},
{"type":"Feature","geometry":{"type":"Polygon","coordinates":[[[-55.2765,-27.3539],[-55.3543,-27.2848],[-55.3938,-27.3194],[-55.4511,-27.2671],[-55.4512,-27.2468],[-55.4913,-27.2114],[-55.5195,-27.1865],[-55.527,-27.1886],[-55.5345,-27.182],[-55.5383,-27.1737],[-55.5482,-27.1636],[-55.5621,-27.1593],[-55.5719,-27.1678],[-55.5828,-27.1671],[-55.588,-27.1612],[-55.6021,-27.1613],[-55.6161,-27.1693],[-55.6243,-27.1816],[-55.6259,-27.1926],[-55.6246,-27.2017],[-55.6173,-27.2122],[-55.6061,-27.2159],[-55.5883,-27.2287],[-55.5809,-27.2421],[-55.5785,-27.2509],[-55.5787,-27.2687],[-55.5905,-27.2723],[-55.5995,-27.2789],[-55.6018,-27.2831],[-55.5993,-27.2978],[-55.5907,-27.3142],[-55.5849,-27.3127],[-55.569,-27.3042],[-55.5625,-27.2978],[-55.5552,-27.2976],[-55.5456,-27.2945],[-55.5364,-27.2939],[-55.5346,-27.2861],[-55.5187,-27.2801],[-55.5154,-27.2876],[-55.526,-27.2883],[-55.5284,-27.2939],[-55.524,-27.2986],[-55.503,-27.2995],[-55.5043,-27.307],[-55.4996,-27.3118],[-55.4882,-27.3056],[-55.4849,-27.3068],[-55.4854,-27.3147],[-55.48,-27.3146],[-55.4749,-27.3217],[-55.4852,-27.3218],[-55.4841,-27.3291],[-55.4791,-27.3378],[-55.4789,-27.3434],[-55.485,-27.3432],[-55.4926,-27.3496],[-55.4923,-27.3569],[-55.495,-27.3647],[-55.4887,-27.3699],[-55.483,-27.3646],[-55.473,-27.3696],[-55.4622,-27.373],[-55.4575,-27.3766],[-55.4581,-27.3831],[-55.4523,-27.3857],[-55.4474,-27.384],[-55.4421,-27.3889],[-55.447,-27.3918],[-55.4412,-27.3954],[-55.4341,-27.3925],[-55.4384,-27.385],[-55.4345,-27.3808],[-55.4247,-27.3824],[-55.4257,-27.3876],[-55.4084,-27.3897],[-55.4087,-27.3823],[-55.4134,-27.3761],[-55.4023,-27.3695],[-55.3966,-27.374],[-55.3921,-27.3736],[-55.3912,-27.3814],[-55.3824,-27.3766],[-55.3792,-27.3901],[-55.3725,-27.3866],[-55.3675,-27.39],[-55.3618,-27.3888],[-55.3587,-27.3823],[-55.3472,-27.3904],[-55.3481,-27.3964],[-55.3558,-27.3961],[-55.3527,-27.4032],[-55.3442,-27.4049],[-55.3334,-27.4009],[-55.3242,-27.4033],[-55.3252,-27.3945],[-55.3213,-27.3927],[-55.3144,-27.3842],[-55.3106,-27.3859],[-55.3126,-27.3954],[-55.3072,-27.3972],[-55.3052,-27.4061],[-55.2961,-27.4026],[-55.2886,-27.4056],[-55.2826,-27.392],[-55.2849,-27.3777],[-55.2802,-27.371],[-55.2904,-27.3653],[-55.2773,-27.3619],[-55.2765,-27.3539]]]},"properties":{"id":"afd3d63a-5c74-4ebb-9d6c-221c38537c76","nombre":"SAN IGNACIO","zona":"SUR","departamento":14,"superficie_km2":36595.8}},
{"type":"Feature","geometry":{"type":"Polygon","coordinates":[[[-55.2184,-27.3212],[-55.3345,-27.2166],[-55.341,-27.222],[-55.3912,-27.1757],[-55.3925,-27.1766],[-55.4076,-27.163],[-55.4142,-27.1688],[-55.4363,-27.1487],[-55.4851,-27.1911],[-55.4771,-27.1983],[-55.4913,-27.2114],[-55.4512,-27.2468],[-55.4511,-27.2671],[-55.3938,-27.3194],[-55.3543,-27.2848],[-55.2765,-27.3539],[-55.273,-27.346],[-55.2742,-27.3396],[-55.2681,-27.3351],[-55.264,-27.3425],[-55.2535,-27.3433],[-55.2407,-27.333],[-55.232,-27.3337],[-55.2218,-27.3262],[-55.2184,-27.3212]]]},"properties":{"id":"af05341e-9823-46d3-943e-ea3d75889d70","nombre":"GOBERNADOR ROCA","zona":"SUR","departamento":14,"superficie_km2":24917.8}},
{"type":"Feature","geometry":{"type":"Polygon","coordinates":[[[-55.1362,-27.2072],[-55.2114,-27.2062],[-55.211,-27.175],[-55.2527,-27.1751],[-55.2599,-27.1512],[-55.2669,-27.1498],[-55.2713,-27.1446],[-55.2821,-27.1513],[-55.2896,-27.1492],[-55.291,-27.1411],[-55.3007,-27.1381],[-55.3071,-27.1341],[-55.3311,-27.133],[-55.3409,-27.1298],[-55.3451,-27.1325],[-55.3551,-27.128],[-55.3667,-27.1342],[-55.3736,-27.1175],[-55.3833,-27.1112],[-55.3859,-27.106],[-55.3946,-27.1021],[-55.4015,-27.1048],[-55.398,-27.1152],[-55.4068,-27.1181],[-55.409,-27.1132],[-55.4076,-27.1071],[-55.4198,-27.1087],[-55.4228,-27.1169],[-55.4315,-27.1102],[-55.4214,-27.1043],[-55.4298,-27.0961],[-55.4342,-27.0968],[-55.4402,-27.0921],[-55.4501,-27.0939],[-55.4531,-27.1016],[-55.4707,-27.1098],[-55.4666,-27.1195],[-55.4426,-27.1408],[-55.4363,-27.1487],[-55.4142,-27.1688],[-55.4076,-27.163],[-55.3925,-27.1766],[-55.3912,-27.1757],[-55.341,-27.222],[-55.3345,-27.2166],[-55.2184,-27.3212],[-55.2132,-27.3245],[-55.2059,-27.3184],[-55.1953,-27.3234],[-55.1923,-27.3221],[-55.1908,-27.3136],[-55.1966,-27.3103],[-55.1965,-27.3032],[-55.1901,-27.2961],[-55.1755,-27.2939],[-55.1671,-27.2958],[-55.1664,-27.2879],[-55.1598,-27.2906],[-55.1531,-27.2902],[-55.1486,-27.2863],[-55.1393,-27.2851],[-55.1368,-27.2818],[-55.1362,-27.2072]]]},"properties":{"id":"5ae97026-1298-4cc9-b9ff-389ee96b3ee8","nombre":"SANTO PIPO","zona":"SUR","departamento":14,"superficie_km2":32347.7}},
{"type":"Feature","geometry":{"type":"Polygon","coordinates":[[[-55.4824,-27.4487],[-55.4802,-27.4431],[-55.4719,-27.4424],[-55.4724,-27.4364],[-55.4684,-27.4318],[-55.4696,-27.4171],[-55.468,-27.4128],[-55.4605,-27.4072],[-55.4614,-27.4022],[-55.4549,-27.3924],[-55.447,-27.3918],[-55.4421,-27.3889],[-55.4474,-27.384],[-55.4523,-27.3857],[-55.4581,-27.3831],[-55.4575,-27.3766],[-55.4622,-27.373],[-55.473,-27.3696],[-55.483,-27.3646],[-55.4887,-27.3699],[-55.495,-27.3647],[-55.4923,-27.3569],[-55.4926,-27.3496],[-55.485,-27.3432],[-55.4789,-27.3434],[-55.4791,-27.3378],[-55.4841,-27.3291],[-55.4852,-27.3218],[-55.4749,-27.3217],[-55.48,-27.3146],[-55.4854,-27.3147],[-55.4849,-27.3068],[-55.4882,-27.3056],[-55.4996,-27.3118],[-55.5043,-27.307],[-55.503,-27.2995],[-55.524,-27.2986],[-55.5284,-27.2939],[-55.526,-27.2883],[-55.5154,-27.2876],[-55.5187,-27.2801],[-55.5346,-27.2861],[-55.5364,-27.2939],[-55.5456,-27.2945],[-55.5552,-27.2976],[-55.5625,-27.2978],[-55.569,-27.3042],[-55.5849,-27.3127],[-55.5907,-27.3142],[-55.5896,-27.3169],[-55.5834,-27.3153],[-55.4824,-27.4487]]]},"properties":{"id":"5608c152-eb1d-451b-82e5-996896ce9650","nombre":"LORETO","zona":"SUR","departamento":3,"superficie_km2":10568.7}},
{"type":"Feature","geometry":{"type":"Polygon","coordinates":[[[-55.294,-26.9586],[-55.3035,-26.963],[-55.3349,-26.9632],[-55.35,-26.9648],[-55.361,-26.9642],[-55.3749,-26.9654],[-55.3748,-26.9966],[-55.3622,-26.9968],[-55.3624,-27.0417],[-55.2961,-27.0421],[-55.2959,-27.0554],[-55.2597,-27.0558],[-55.2595,-26.9968],[-55.2944,-26.9966],[-55.294,-26.9586]]]},"properties":{"id":"70f90882-4137-496d-9ea0-27222fad0c7c","nombre":"COLONIA POLANA","zona":"SUR","departamento":14,"superficie_km2":8582.9}},
{"type":"Feature","geometry":{"type":"Polygon","coordinates":[[[-55.2597,-27.0558],[-55.2959,-27.0554],[-55.2959,-27.0637],[-55.3587,-27.0638],[-55.3589,-27.0911],[-55.3622,-27.0911],[-55.3621,-27.1044],[-55.3663,-27.1043],[-55.3667,-27.1342],[-55.3551,-27.128],[-55.3451,-27.1325],[-55.3409,-27.1298],[-55.3311,-27.133],[-55.3071,-27.1341],[-55.3007,-27.1381],[-55.291,-27.1411],[-55.2896,-27.1492],[-55.2821,-27.1513],[-55.2713,-27.1446],[-55.2669,-27.1498],[-55.2599,-27.1512],[-55.2597,-27.0558]]]},"properties":{"id":"c2dece47-50b6-40e9-b2fb-57e89203c50c","nombre":"HIPOLITO IRIGOYEN","zona":"SUR","departamento":14,"superficie_km2":8687.4}},
{"type":"Feature","geometry":{"type":"Polygon","coordinates":[[[-55.132,-26.9318],[-55.1321,-26.9421],[-55.1366,-26.9489],[-55.1473,-26.9534],[-55.1687,-26.9583],[-55.1812,-26.964],[-55.2042,-26.9701],[-55.2046,-26.9785],[-55.1977,-26.9906],[-55.2069,-26.9992],[-55.1952,-26.9982],[-55.1808,-27.0033],[-55.1734,-27.0081],[-55.1826,-27.0157],[-55.18,-27.0267],[-55.1722,-27.0292],[-55.1723,-27.0366],[-55.167,-27.0427],[-55.1579,-27.0439],[-55.1483,-27.0592],[-55.1432,-27.0549],[-55.1377,-27.0575],[-55.0993,-27.0581],[-55.0963,-26.9527],[-55.0969,-26.927],[-55.1073,-26.9269],[-55.132,-26.9318]]]},"properties":{"id":"7cc124a5-eae1-4a08-a88e-82291a72723a","nombre":"PUERTO LEONI","zona":"CENTRO","departamento":10,"superficie_km2":10474.6}},
{"type":"Feature","geometry":{"type":"Polygon","coordinates":[[[-54.4246,-26.7371],[-54.4021,-26.7121],[-54.3978,-26.7147],[-54.3935,-26.7093],[-54.3799,-26.7023],[-54.2684,-26.6397],[-54.7393,-26.477],[-54.7525,-26.4926],[-54.7577,-26.497],[-54.7797,-26.5075],[-54.7923,-26.521],[-54.7996,-26.5329],[-54.8085,-26.5565],[-54.8018,-26.5596],[-54.6002,-26.7723],[-54.5454,-26.83],[-54.4732,-26.7763],[-54.4327,-26.7318],[-54.4246,-26.7371]]]},"properties":{"id":"d11c1ba6-4765-46c2-bf9a-f527208a6fa7","nombre":"MONTECARLO","zona":"CENTRO","departamento":12,"superficie_km2":94144.8}},
{"type":"Feature","geometry":{"type":"Polygon","coordinates":[[[-54.6136,-26.934],[-54.5994,-26.9269],[-54.5791,-26.9196],[-54.5774,-26.9212],[-54.5659,-26.9142],[-54.5683,-26.8947],[-54.5239,-26.854],[-54.5454,-26.83],[-54.6002,-26.7723],[-54.8018,-26.5596],[-54.8085,-26.5565],[-54.8072,-26.5614],[-54.7974,-26.577],[-54.7854,-26.602],[-54.7843,-26.6129],[-54.7862,-26.6275],[-54.7894,-26.635],[-54.8018,-26.6492],[-54.7975,-26.657],[-54.7441,-26.7788],[-54.6919,-26.8959],[-54.6648,-26.9548],[-54.6136,-26.934]]]},"properties":{"id":"5d65faa7-bc88-4a88-a22b-236cded83eeb","nombre":"CARAGUATAY","zona":"CENTRO","departamento":12,"superficie_km2":46130.8}},
{"type":"Feature","geometry":{"type":"Polygon","coordinates":[[[-54.5321,-26.3624],[-54.534,-26.358],[-54.5426,-26.3551],[-54.5368,-26.3672],[-54.5453,-26.3675],[-54.5455,-26.3628],[-54.5555,-26.3634],[-54.5629,-26.3746],[-54.5687,-26.3749],[-54.5729,-26.3807],[-54.5766,-26.3737],[-54.5835,-26.3691],[-54.593,-26.3679],[-54.5989,-26.3698],[-54.6053,-26.3648],[-54.6048,-26.3569],[-54.6115,-26.3585],[-54.6131,-26.3456],[-54.6182,-26.351],[-54.6306,-26.3494],[-54.6265,-26.3594],[-54.6298,-26.3647],[-54.64,-26.3626],[-54.6464,-26.3484],[-54.6527,-26.3512],[-54.6564,-26.3591],[-54.6569,-26.3654],[-54.6543,-26.3723],[-54.664,-26.3698],[-54.6743,-26.3519],[-54.6795,-26.3515],[-54.6843,-26.3595],[-54.6948,-26.373],[-54.6981,-26.3834],[-54.6968,-26.401],[-54.6973,-26.4112],[-54.7007,-26.435],[-54.7086,-26.4501],[-54.7038,-26.4545],[-54.6966,-26.4561],[-54.6918,-26.4535],[-54.6844,-26.4592],[-54.6759,-26.4618],[-54.6662,-26.4562],[-54.6604,-26.4606],[-54.6712,-26.4682],[-54.6682,-26.4724],[-54.6593,-26.474],[-54.6566,-26.486],[-54.6585,-26.4933],[-54.6546,-26.4962],[-54.6443,-26.4962],[-54.6363,-26.5058],[-54.6337,-26.5118],[-54.6291,-26.5127],[-54.6225,-26.5068],[-54.6281,-26.5015],[-54.6315,-26.4949],[-54.6258,-26.4881],[-54.6059,-26.5039],[-54.6028,-26.5027],[-54.6015,-26.493],[-54.6067,-26.4896],[-54.6025,-26.4832],[-54.5987,-26.4872],[-54.5867,-26.4844],[-54.5841,-26.477],[-54.5891,-26.472],[-54.5843,-26.4661],[-54.5764,-26.4709],[-54.5669,-26.471],[-54.5626,-26.4662],[-54.5623,-26.4571],[-54.5542,-26.4593],[-54.5573,-26.4761],[-54.5505,-26.4751],[-54.5426,-26.4789],[-54.5324,-26.4902],[-54.5319,-26.4442],[-54.5321,-26.3624]]]},"properties":{"id":"21d13b47-750e-4a75-9a8a-5d848f979bc8","nombre":"ELDORADO","zona":"NORTE","departamento":6,"superficie_km2":21574.9}},
{"type":"Feature","geometry":{"type":"Polygon","coordinates":[[[-54.2684,-26.6397],[-54.2652,-26.4864],[-54.2779,-26.4803],[-54.2785,-26.4857],[-54.2748,-26.4943],[-54.2789,-26.5049],[-54.2871,-26.4992],[-54.2921,-26.4898],[-54.3008,-26.4897],[-54.3045,-26.4997],[-54.3102,-26.4997],[-54.3099,-26.4883],[-54.3248,-26.4911],[-54.3317,-26.5045],[-54.3434,-26.5032],[-54.3504,-26.5044],[-54.352,-26.4987],[-54.3464,-26.4863],[-54.3546,-26.4841],[-54.354,-26.4924],[-54.3688,-26.4963],[-54.3683,-26.4888],[-54.3648,-26.4826],[-54.363,-26.4725],[-54.3676,-26.473],[-54.3693,-26.4792],[-54.3792,-26.4863],[-54.3771,-26.4984],[-54.386,-26.5003],[-54.3849,-26.5062],[-54.3899,-26.5078],[-54.3987,-26.5034],[-54.406,-26.5059],[-54.4083,-26.523],[-54.4164,-26.5217],[-54.412,-26.5158],[-54.416,-26.5092],[-54.4113,-26.4995],[-54.4207,-26.4959],[-54.4193,-26.5083],[-54.4285,-26.5138],[-54.44,-26.5053],[-54.4446,-26.5066],[-54.4402,-26.5154],[-54.4421,-26.5231],[-54.4457,-26.5236],[-54.4511,-26.515],[-54.458,-26.5112],[-54.4648,-26.5199],[-54.47,-26.5169],[-54.4863,-26.52],[-54.4832,-26.5126],[-54.4908,-26.5075],[-54.4906,-26.4988],[-54.4938,-26.4965],[-54.5,-26.5009],[-54.5178,-26.5056],[-54.5243,-26.4918],[-54.5324,-26.4902],[-54.5426,-26.4789],[-54.5505,-26.4751],[-54.5573,-26.4761],[-54.5542,-26.4593],[-54.5623,-26.4571],[-54.5626,-26.4662],[-54.5669,-26.471],[-54.5764,-26.4709],[-54.5843,-26.4661],[-54.5891,-26.472],[-54.5841,-26.477],[-54.5867,-26.4844],[-54.5987,-26.4872],[-54.6025,-26.4832],[-54.6067,-26.4896],[-54.6015,-26.493],[-54.6028,-26.5027],[-54.6059,-26.5039],[-54.6258,-26.4881],[-54.6315,-26.4949],[-54.6281,-26.5015],[-54.6225,-26.5068],[-54.6291,-26.5127],[-54.6337,-26.5118],[-54.6363,-26.5058],[-54.6443,-26.4962],[-54.6546,-26.4962],[-54.6585,-26.4933],[-54.6566,-26.486],[-54.6593,-26.474],[-54.6682,-26.4724],[-54.6712,-26.4682],[-54.6604,-26.4606],[-54.6662,-26.4562],[-54.6759,-26.4618],[-54.6844,-26.4592],[-54.6918,-26.4535],[-54.6966,-26.4561],[-54.7038,-26.4545],[-54.7086,-26.4501],[-54.7112,-26.4548],[-54.7393,-26.477],[-54.2684,-26.6397]]]},"properties":{"id":"e1501867-e45a-42a1-af18-4630d8c8f433","nombre":"PUERTO PIRAY","zona":"CENTRO","departamento":12,"superficie_km2":36265}},
{"type":"Feature","geometry":{"type":"Polygon","coordinates":[[[-54.5324,-26.4902],[-54.5243,-26.4918],[-54.5178,-26.5056],[-54.5,-26.5009],[-54.4938,-26.4965],[-54.4906,-26.4988],[-54.4908,-26.5075],[-54.4832,-26.5126],[-54.4863,-26.52],[-54.47,-26.5169],[-54.4648,-26.5199],[-54.458,-26.5112],[-54.4511,-26.515],[-54.4521,-26.3755],[-54.4956,-26.3531],[-54.5167,-26.3604],[-54.5222,-26.3637],[-54.5263,-26.3594],[-54.5321,-26.3624],[-54.5319,-26.4442],[-54.5324,-26.4902]]]},"properties":{"id":"9f84bfba-ff9e-47f3-8c55-037a05a3ef05","nombre":"9 DE JULIO","zona":"NORTE","departamento":6,"superficie_km2":12915}},
{"type":"Feature","geometry":{"type":"Polygon","coordinates":[[[-54.6254,-25.9847],[-54.6511,-25.9788],[-54.6618,-25.9792],[-54.673,-25.9833],[-54.6806,-25.994],[-54.6797,-26.0127],[-54.669,-26.0351],[-54.6611,-26.0467],[-54.652,-26.0623],[-54.6475,-26.0734],[-54.6436,-26.092],[-54.6465,-26.1093],[-54.6516,-26.1182],[-54.6603,-26.1248],[-54.6681,-26.1373],[-54.6748,-26.1403],[-54.675,-26.15],[-54.6723,-26.1597],[-54.6678,-26.1683],[-54.6559,-26.1808],[-54.6479,-26.1847],[-54.6432,-26.1776],[-54.6455,-26.1704],[-54.6413,-26.1519],[-54.6332,-26.1544],[-54.6256,-26.1649],[-54.6219,-26.1615],[-54.6214,-26.1523],[-54.6036,-26.162],[-54.6002,-26.158],[-54.589,-26.1522],[-54.5946,-26.1465],[-54.5947,-26.1363],[-54.5917,-26.1334],[-54.5815,-26.1407],[-54.5784,-26.1457],[-54.572,-26.1483],[-54.5662,-26.143],[-54.5535,-26.1445],[-54.5486,-26.1408],[-54.539,-26.1531],[-54.5302,-26.1537],[-54.5299,-26.1626],[-54.5184,-26.1656],[-54.5088,-26.1659],[-54.5135,-26.1564],[-54.5073,-26.1564],[-54.4994,-26.1513],[-54.4925,-26.1588],[-54.4859,-26.1563],[-54.4885,-26.1505],[-54.4768,-26.1493],[-54.4755,-26.1386],[-54.4681,-26.138],[-54.4666,-26.1279],[-54.4564,-26.1272],[-54.4525,-26.1398],[-54.4558,-26.1448],[-54.4463,-26.152],[-54.4341,-26.1525],[-54.433,-26.1212],[-54.3208,-26.1424],[-54.1427,-26.1426],[-54.1433,-26.122],[-54.1961,-26.1037],[-54.3399,-26.0537],[-54.3401,-26.0552],[-54.4256,-26.0262],[-54.4253,-26.0226],[-54.4404,-26.017],[-54.44,-26.0114],[-54.4445,-26.0087],[-54.4683,-26.0061],[-54.4706,-26.0074],[-54.4827,-26.0042],[-54.4939,-25.9918],[-54.4947,-25.9889],[-54.572,-25.9844],[-54.578,-25.9963],[-54.6239,-25.9935],[-54.6251,-25.9876],[-54.6254,-25.9847]]]},"properties":{"id":"474b8d76-2997-4329-b101-344a73162edd","nombre":"PUERTO ESPERANZA","zona":"NORTE","departamento":9,"superficie_km2":61986.3}},
{"type":"Feature","geometry":{"type":"Polygon","coordinates":[[[-54.1665,-25.7618],[-54.3673,-25.7547],[-54.6351,-25.7464],[-54.6327,-25.765],[-54.6275,-25.776],[-54.616,-25.7937],[-54.5988,-25.8106],[-54.5902,-25.8217],[-54.588,-25.832],[-54.5897,-25.8404],[-54.5943,-25.8491],[-54.597,-25.861],[-54.6071,-25.8755],[-54.6141,-25.8886],[-54.6228,-25.9103],[-54.6234,-25.9207],[-54.6219,-25.9377],[-54.6176,-25.9462],[-54.6097,-25.9545],[-54.4602,-25.9642],[-54.4216,-25.9719],[-54.3525,-25.9937],[-54.3455,-25.9066],[-54.3384,-25.9059],[-54.3374,-25.9119],[-54.332,-25.9122],[-54.3302,-25.906],[-54.3215,-25.9093],[-54.3204,-25.9191],[-54.3102,-25.9196],[-54.3058,-25.9268],[-54.297,-25.9319],[-54.2985,-25.9212],[-54.3032,-25.9157],[-54.2984,-25.9118],[-54.2927,-25.9196],[-54.2813,-25.9237],[-54.2797,-25.9141],[-54.2854,-25.9021],[-54.2807,-25.8973],[-54.2737,-25.8966],[-54.2734,-25.8914],[-54.2797,-25.8871],[-54.2766,-25.883],[-54.2643,-25.8862],[-54.2627,-25.8823],[-54.2551,-25.8786],[-54.2551,-25.8738],[-54.2451,-25.8699],[-54.244,-25.8619],[-54.2407,-25.8603],[-54.2324,-25.8694],[-54.223,-25.8648],[-54.216,-25.8484],[-54.2053,-25.8526],[-54.2037,-25.8468],[-54.1966,-25.8457],[-54.1912,-25.8374],[-54.1838,-25.8355],[-54.1826,-25.8421],[-54.1772,-25.8482],[-54.171,-25.8361],[-54.1691,-25.7964],[-54.1665,-25.7618]]]},"properties":{"id":"eb8d45cb-1c50-416c-951e-6be83262a25f","nombre":"PUERTO LIBERTAD","zona":"NORTE","departamento":9,"superficie_km2":87446.3}},
{"type":"Feature","geometry":{"type":"Polygon","coordinates":[[[-54.1772,-25.8482],[-54.1826,-25.8421],[-54.1838,-25.8355],[-54.1912,-25.8374],[-54.1966,-25.8457],[-54.2037,-25.8468],[-54.2053,-25.8526],[-54.216,-25.8484],[-54.223,-25.8648],[-54.2324,-25.8694],[-54.2407,-25.8603],[-54.244,-25.8619],[-54.2451,-25.8699],[-54.2551,-25.8738],[-54.2551,-25.8786],[-54.2627,-25.8823],[-54.2643,-25.8862],[-54.2766,-25.883],[-54.2797,-25.8871],[-54.2734,-25.8914],[-54.2737,-25.8966],[-54.2807,-25.8973],[-54.2854,-25.9021],[-54.2797,-25.9141],[-54.2813,-25.9237],[-54.2927,-25.9196],[-54.2984,-25.9118],[-54.3032,-25.9157],[-54.2985,-25.9212],[-54.297,-25.9319],[-54.3058,-25.9268],[-54.3102,-25.9196],[-54.3204,-25.9191],[-54.3215,-25.9093],[-54.3302,-25.906],[-54.332,-25.9122],[-54.3374,-25.9119],[-54.3384,-25.9059],[-54.3455,-25.9066],[-54.3525,-25.9937],[-54.4216,-25.9719],[-54.4602,-25.9642],[-54.6097,-25.9545],[-54.6084,-25.9663],[-54.6104,-25.9756],[-54.6144,-25.981],[-54.6254,-25.9847],[-54.6251,-25.9876],[-54.6239,-25.9935],[-54.578,-25.9963],[-54.572,-25.9844],[-54.4947,-25.9889],[-54.4939,-25.9918],[-54.4827,-26.0042],[-54.4706,-26.0074],[-54.4683,-26.0061],[-54.4445,-26.0087],[-54.44,-26.0114],[-54.4404,-26.017],[-54.4253,-26.0226],[-54.4256,-26.0262],[-54.3401,-26.0552],[-54.3399,-26.0537],[-54.1961,-26.1037],[-54.1833,-25.9454],[-54.1831,-25.9421],[-54.1779,-25.8581],[-54.1772,-25.8482]]]},"properties":{"id":"8010c05c-614f-4b41-991c-57a3d3ce1f38","nombre":"WANDA","zona":"NORTE","departamento":9,"superficie_km2":47350.9}},
{"type":"Feature","geometry":{"type":"Polygon","coordinates":[[[-55.3335,-27.5541],[-55.3708,-27.5755],[-55.3827,-27.5684],[-55.3895,-27.5616],[-55.3978,-27.5565],[-55.4023,-27.5585],[-55.4027,-27.56],[-55.4348,-27.5784],[-55.3871,-27.6431],[-55.3939,-27.6531],[-55.333,-27.69],[-55.3209,-27.6741],[-55.3024,-27.6523],[-55.2961,-27.6566],[-55.2892,-27.6682],[-55.2831,-27.6687],[-55.2682,-27.6634],[-55.2466,-27.6621],[-55.2486,-27.6402],[-55.239,-27.635],[-55.2573,-27.5971],[-55.2564,-27.5916],[-55.2776,-27.5771],[-55.2915,-27.5663],[-55.3335,-27.5541]]]},"properties":{"id":"a610881a-e096-4069-9e7f-592eb02dd6b8","nombre":"LEANDRO N. ALEM","zona":"SUR","departamento":11,"superficie_km2":17382.9}},
{"type":"Feature","geometry":{"type":"Polygon","coordinates":[[[-55.2776,-27.5771],[-55.2564,-27.5916],[-55.2573,-27.5971],[-55.239,-27.635],[-55.2486,-27.6402],[-55.2466,-27.6621],[-55.2455,-27.6761],[-55.2399,-27.6801],[-55.2293,-27.6799],[-55.2185,-27.6885],[-55.2173,-27.7016],[-55.1899,-27.7001],[-55.1653,-27.6983],[-55.1688,-27.6479],[-55.1705,-27.6253],[-55.1759,-27.6215],[-55.181,-27.6219],[-55.1807,-27.6119],[-55.2577,-27.5621],[-55.2652,-27.5708],[-55.2776,-27.5771]]]},"properties":{"id":"a5323630-0df9-4ded-8c72-2f5d777ca0b6","nombre":"GOBERNADOR LOPEZ","zona":"SUR","departamento":11,"superficie_km2":8872}},
{"type":"Feature","geometry":{"type":"Polygon","coordinates":[[[-55.3653,-27.4614],[-55.3194,-27.4361],[-55.2819,-27.4146],[-55.2819,-27.4077],[-55.2886,-27.4056],[-55.2961,-27.4026],[-55.3052,-27.4061],[-55.3072,-27.3972],[-55.3126,-27.3954],[-55.3106,-27.3859],[-55.3144,-27.3842],[-55.3213,-27.3927],[-55.3252,-27.3945],[-55.3242,-27.4033],[-55.3334,-27.4009],[-55.3442,-27.4049],[-55.3527,-27.4032],[-55.3558,-27.3961],[-55.3481,-27.3964],[-55.3472,-27.3904],[-55.3587,-27.3823],[-55.3618,-27.3888],[-55.3675,-27.39],[-55.3725,-27.3866],[-55.3792,-27.3901],[-55.3824,-27.3766],[-55.3912,-27.3814],[-55.3921,-27.3736],[-55.3966,-27.374],[-55.4023,-27.3695],[-55.4134,-27.3761],[-55.4087,-27.3823],[-55.4084,-27.3897],[-55.4257,-27.3876],[-55.4247,-27.3824],[-55.4345,-27.3808],[-55.4384,-27.385],[-55.4341,-27.3925],[-55.4412,-27.3954],[-55.447,-27.3918],[-55.4549,-27.3924],[-55.4614,-27.4022],[-55.4605,-27.4072],[-55.468,-27.4128],[-55.4696,-27.4171],[-55.4527,-27.4406],[-55.4319,-27.4305],[-55.4274,-27.4371],[-55.4198,-27.4388],[-55.4199,-27.4427],[-55.41,-27.4421],[-55.411,-27.4475],[-55.3906,-27.4749],[-55.3653,-27.4614]]]},"properties":{"id":"9131b4d3-6a46-4945-a498-aab58efb4194","nombre":"MARTIRES","zona":"SUR","departamento":3,"superficie_km2":10597.2}},
{"type":"Feature","geometry":{"type":"Polygon","coordinates":[[[-55.3906,-27.4749],[-55.411,-27.4475],[-55.41,-27.4421],[-55.4199,-27.4427],[-55.4198,-27.4388],[-55.4274,-27.4371],[-55.4319,-27.4305],[-55.4527,-27.4406],[-55.4696,-27.4171],[-55.4684,-27.4318],[-55.4724,-27.4364],[-55.4719,-27.4424],[-55.4802,-27.4431],[-55.4824,-27.4487],[-55.502,-27.448],[-55.5095,-27.4492],[-55.5285,-27.4577],[-55.5326,-27.462],[-55.5514,-27.4605],[-55.555,-27.4631],[-55.5149,-27.5154],[-55.4997,-27.5374],[-55.4578,-27.5138],[-55.4112,-27.4875],[-55.4015,-27.4813],[-55.3906,-27.4749]]]},"properties":{"id":"c2c812c0-f899-47e8-a4af-eca99e8736a9","nombre":"BONPLAND","zona":"SUR","departamento":3,"superficie_km2":10246}},
{"type":"Feature","geometry":{"type":"Polygon","coordinates":[[[-54.9736,-27.3265],[-54.9381,-27.3707],[-54.9221,-27.3615],[-54.9253,-27.3529],[-54.8345,-27.3871],[-54.8197,-27.3854],[-54.8272,-27.3727],[-54.8322,-27.3611],[-54.8308,-27.355],[-54.8177,-27.3609],[-54.8226,-27.3523],[-54.8213,-27.3448],[-54.8124,-27.3408],[-54.8215,-27.3354],[-54.8212,-27.3266],[-54.8325,-27.3182],[-54.8289,-27.3125],[-54.8212,-27.3106],[-54.8246,-27.3028],[-54.8174,-27.2984],[-54.8239,-27.2934],[-54.833,-27.2773],[-54.8178,-27.274],[-54.8169,-27.2693],[-54.8227,-27.2628],[-54.8323,-27.2649],[-54.8332,-27.2541],[-54.8415,-27.2554],[-54.8472,-27.2473],[-54.8461,-27.2339],[-54.8598,-27.2277],[-54.8595,-27.2182],[-54.8784,-27.2127],[-54.8827,-27.2058],[-54.8793,-27.2008],[-54.8854,-27.1962],[-54.8838,-27.1878],[-54.9152,-27.2068],[-54.9363,-27.1804],[-54.9476,-27.1777],[-54.9681,-27.1535],[-54.9754,-27.1596],[-54.9859,-27.1525],[-54.9909,-27.159],[-55.0118,-27.1673],[-55.0165,-27.1671],[-55.0064,-27.0692],[-55.0116,-27.0622],[-55.0993,-27.0624],[-55.1007,-27.1838],[-55.0857,-27.1879],[-55.0798,-27.188],[-54.9736,-27.3265]]]},"properties":{"id":"8dfc6be4-788e-433a-9359-4f34d92a669e","nombre":"CAMPO GRANDE","zona":"CENTRO","departamento":2,"superficie_km2":48098.1}},
{"type":"Feature","geometry":{"type":"Polygon","coordinates":[[[-54.8792,-26.6558],[-54.9044,-26.6624],[-54.9156,-26.6662],[-54.9405,-26.6806],[-54.9467,-26.6876],[-54.9493,-26.7001],[-54.9474,-26.722],[-54.9445,-26.7318],[-54.9445,-26.7454],[-54.9478,-26.7641],[-54.9552,-26.7795],[-54.9661,-26.7872],[-54.977,-26.7898],[-54.9868,-26.8848],[-54.9948,-26.9652],[-54.999,-27.0083],[-54.9898,-27.0089],[-54.9806,-27.0187],[-54.9784,-27.0286],[-54.975,-27.0326],[-54.9753,-27.0446],[-54.9801,-27.047],[-54.9798,-27.0566],[-54.9736,-27.0612],[-54.9777,-27.0825],[-54.992,-27.0816],[-54.9917,-27.0879],[-54.9866,-27.0883],[-54.9757,-27.0955],[-54.9798,-27.1022],[-54.9773,-27.1052],[-54.9633,-27.103],[-54.9665,-27.0994],[-54.9629,-27.0926],[-54.9578,-27.0941],[-54.9506,-27.0838],[-54.9388,-27.0858],[-54.9371,-27.0754],[-54.9268,-27.0777],[-54.9261,-27.0723],[-54.9154,-27.0751],[-54.9128,-27.0678],[-54.9066,-27.0647],[-54.9066,-27.0587],[-54.8966,-27.0662],[-54.8918,-27.0576],[-54.8856,-27.0521],[-54.8826,-27.0381],[-54.883,-27.0055],[-54.8861,-27.0026],[-54.8996,-27.0012],[-54.8996,-26.989],[-54.8847,-26.9873],[-54.8764,-26.9842],[-54.8721,-26.9884],[-54.8599,-26.9891],[-54.8511,-26.9913],[-54.8454,-26.9955],[-54.8386,-26.9962],[-54.83,-26.9905],[-54.8145,-26.9892],[-54.8115,-26.9971],[-54.8138,-27.0031],[-54.8076,-27.0065],[-54.7978,-27.0055],[-54.7994,-27.0103],[-54.7867,-27.0079],[-54.7878,-27.0029],[-54.8783,-26.6596],[-54.8792,-26.6558]]]},"properties":{"id":"a1bcc3ab-0b19-4400-9e1b-d9772a1811a3","nombre":"GARUHAPE","zona":"CENTRO","departamento":10,"superficie_km2":59319}},
{"type":"Feature","geometry":{"type":"Polygon","coordinates":[[[-55.0577,-27.637],[-55.0591,-27.6381],[-55.0755,-27.619],[-55.1323,-27.6229],[-55.1705,-27.6253],[-55.1688,-27.6479],[-55.1131,-27.6442],[-55.1115,-27.6759],[-55.1054,-27.6827],[-55.1126,-27.6886],[-55.1027,-27.6905],[-55.0971,-27.6889],[-55.0906,-27.6967],[-55.0939,-27.7011],[-55.0885,-27.7066],[-55.0726,-27.7049],[-55.0699,-27.716],[-55.0713,-27.72],[-55.0613,-27.7234],[-55.0538,-27.7216],[-55.0517,-27.7277],[-55.0571,-27.7384],[-55.045,-27.736],[-55.0403,-27.7415],[-55.0489,-27.7473],[-55.0462,-27.7565],[-55.0387,-27.7573],[-55.0405,-27.7655],[-55.048,-27.7703],[-55.0399,-27.7767],[-55.025,-27.7929],[-55.0086,-27.7977],[-55.0009,-27.7954],[-54.9924,-27.7767],[-54.989,-27.7732],[-54.9766,-27.7707],[-54.9784,-27.7668],[-54.9764,-27.7592],[-54.9929,-27.7542],[-54.9996,-27.7438],[-55.0073,-27.7352],[-55.006,-27.7296],[-55.0123,-27.7214],[-55.0118,-27.7178],[-55.0229,-27.7108],[-55.02,-27.7071],[-55.0234,-27.6997],[-55.0192,-27.6934],[-55.0294,-27.6871],[-55.0338,-27.6702],[-55.0417,-27.6543],[-55.045,-27.6528],[-55.0483,-27.6428],[-55.0577,-27.637]]]},"properties":{"id":"4bab8dec-f933-4b73-b191-fb3af22c3eb3","nombre":"FLORENTINO AMEGUINO","zona":"SUR","departamento":15,"superficie_km2":12507.6}},
{"type":"Feature","geometry":{"type":"Polygon","coordinates":[[[-55.0568,-27.3799],[-55.0606,-27.3862],[-55.0564,-27.3997],[-55.0738,-27.4214],[-55.0825,-27.4252],[-55.0797,-27.48],[-55.0735,-27.477],[-55.0546,-27.5006],[-55.0406,-27.5188],[-55.0324,-27.5134],[-55.0259,-27.5212],[-55.0202,-27.5177],[-55.0156,-27.5257],[-55.0086,-27.5215],[-54.9713,-27.5696],[-54.9674,-27.5705],[-54.9588,-27.5742],[-54.9677,-27.5842],[-54.9606,-27.5864],[-54.9535,-27.5981],[-54.9631,-27.6029],[-54.9562,-27.609],[-54.9497,-27.6116],[-54.9531,-27.6201],[-54.9424,-27.6164],[-54.9379,-27.6213],[-54.9376,-27.6267],[-54.9203,-27.6249],[-54.916,-27.626],[-54.9103,-27.6382],[-54.906,-27.6392],[-54.8991,-27.6319],[-54.8896,-27.6266],[-54.8831,-27.6258],[-54.8622,-27.6292],[-54.8531,-27.6272],[-54.847,-27.6192],[-54.8524,-27.6139],[-54.8679,-27.6171],[-54.8709,-27.6136],[-54.8683,-27.6085],[-54.8601,-27.6036],[-54.8637,-27.5972],[-54.8698,-27.5939],[-54.8724,-27.5858],[-54.8682,-27.5783],[-54.8606,-27.5754],[-54.8534,-27.5698],[-54.8557,-27.5633],[-54.8782,-27.565],[-54.882,-27.5565],[-54.8816,-27.552],[-54.8611,-27.553],[-54.8665,-27.5462],[-54.8625,-27.5411],[-54.8605,-27.5331],[-54.8712,-27.5244],[-54.8789,-27.521],[-54.8746,-27.5157],[-54.8665,-27.513],[-54.8685,-27.5067],[-54.8759,-27.5082],[-54.8819,-27.5059],[-54.8825,-27.4957],[-54.8914,-27.4949],[-54.8979,-27.4915],[-54.9124,-27.4893],[-54.9091,-27.4837],[-54.9005,-27.4817],[-54.9019,-27.4727],[-54.9164,-27.472],[-54.9159,-27.4627],[-54.9179,-27.4596],[-54.9279,-27.4588],[-54.9293,-27.449],[-54.9243,-27.4426],[-54.9256,-27.4383],[-54.9168,-27.4351],[-54.9201,-27.4289],[-54.9192,-27.4159],[-54.9145,-27.4066],[-54.9178,-27.399],[-54.916,-27.3925],[-54.9091,-27.3878],[-54.9149,-27.3825],[-54.9179,-27.3755],[-54.9157,-27.3673],[-54.9221,-27.3615],[-54.9381,-27.3707],[-54.9736,-27.3265],[-55.0545,-27.3765],[-55.0568,-27.3799]]]},"properties":{"id":"bd58e1df-28c6-46c5-b849-c10074bfa7bc","nombre":"CAMPO RAMON","zona":"SUR","departamento":13,"superficie_km2":40965.3}},
{"type":"Feature","geometry":{"type":"Polygon","coordinates":[[[-55.1456,-26.8849],[-55.1443,-26.8862],[-55.0976,-26.885],[-55.0976,-26.8736],[-55.0746,-26.8913],[-55.0668,-26.8835],[-55.0587,-26.8885],[-55.0542,-26.8835],[-55.0471,-26.8841],[-54.9868,-26.8848],[-54.977,-26.7898],[-54.9956,-26.7873],[-55.015,-26.7875],[-55.0328,-26.7912],[-55.0557,-26.7987],[-55.0648,-26.8037],[-55.0701,-26.8089],[-55.0872,-26.8316],[-55.0936,-26.8363],[-55.1044,-26.8404],[-55.1258,-26.8511],[-55.14,-26.864],[-55.1495,-26.8835],[-55.1456,-26.8849]]]},"properties":{"id":"46179fdf-3a50-4bc7-b5f2-82701a8da2cf","nombre":"PUERTO RICO","zona":"CENTRO","departamento":10,"superficie_km2":12577.2}},
{"type":"Feature","geometry":{"type":"Polygon","coordinates":[[[-54.6479,-26.1847],[-54.6361,-26.1906],[-54.6225,-26.2028],[-54.6188,-26.2115],[-54.6192,-26.2165],[-54.6242,-26.2231],[-54.6451,-26.2343],[-54.6703,-26.2518],[-54.6805,-26.2639],[-54.6807,-26.2678],[-54.5338,-26.2684],[-54.4077,-26.2687],[-54.2259,-26.269],[-54.2258,-26.2681],[-54.1647,-26.268],[-54.1655,-26.2168],[-54.1427,-26.1426],[-54.3208,-26.1424],[-54.433,-26.1212],[-54.4341,-26.1525],[-54.4463,-26.152],[-54.4558,-26.1448],[-54.4525,-26.1398],[-54.4564,-26.1272],[-54.4666,-26.1279],[-54.4681,-26.138],[-54.4755,-26.1386],[-54.4768,-26.1493],[-54.4885,-26.1505],[-54.4859,-26.1563],[-54.4925,-26.1588],[-54.4994,-26.1513],[-54.5073,-26.1564],[-54.5135,-26.1564],[-54.5088,-26.1659],[-54.5184,-26.1656],[-54.5299,-26.1626],[-54.5302,-26.1537],[-54.539,-26.1531],[-54.5486,-26.1408],[-54.5535,-26.1445],[-54.5662,-26.143],[-54.572,-26.1483],[-54.5784,-26.1457],[-54.5815,-26.1407],[-54.5917,-26.1334],[-54.5947,-26.1363],[-54.5946,-26.1465],[-54.589,-26.1522],[-54.6002,-26.158],[-54.6036,-26.162],[-54.6214,-26.1523],[-54.6219,-26.1615],[-54.6256,-26.1649],[-54.6332,-26.1544],[-54.6413,-26.1519],[-54.6455,-26.1704],[-54.6432,-26.1776],[-54.6479,-26.1847]]]},"properties":{"id":"504d6bfd-d909-4240-8dd0-285ab1604566","nombre":"COLONIA DELICIA","zona":"NORTE","departamento":6,"superficie_km2":67349.9}},
{"type":"Feature","geometry":{"type":"Polygon","coordinates":[[[-54.1833,-25.9454],[-54.1961,-26.1037],[-54.1433,-26.122],[-54.1427,-26.1426],[-54.1655,-26.2168],[-54.1647,-26.268],[-53.9869,-26.2681],[-53.9867,-26.2167],[-53.9586,-26.2171],[-53.9473,-26.2222],[-53.9474,-26.2371],[-53.9365,-26.2374],[-53.9323,-26.2414],[-53.915,-26.2406],[-53.9061,-26.2418],[-53.8992,-26.2463],[-53.8947,-26.245],[-53.8867,-26.2474],[-53.8849,-26.2553],[-53.7928,-26.2553],[-53.7927,-26.2672],[-53.7852,-26.2718],[-53.7809,-26.2693],[-53.7693,-26.2783],[-53.7648,-26.2762],[-53.7533,-26.2763],[-53.7535,-26.2599],[-53.7364,-26.2576],[-53.7263,-26.2726],[-53.7265,-26.2858],[-53.666,-26.3166],[-53.658,-26.2984],[-53.6455,-26.2861],[-53.6433,-26.2806],[-53.6455,-26.275],[-53.6421,-26.2682],[-53.6439,-26.2501],[-53.6421,-26.2412],[-53.6505,-26.2362],[-53.6509,-26.2283],[-53.6473,-26.2193],[-53.6403,-26.2164],[-53.6423,-26.2115],[-53.6533,-26.2062],[-53.6508,-26.1944],[-53.6582,-26.1925],[-53.6599,-26.1878],[-53.678,-26.1693],[-53.681,-26.1635],[-53.6996,-26.1533],[-53.7049,-26.1399],[-53.7123,-26.1278],[-53.7154,-26.1257],[-53.7137,-26.1284],[-53.7141,-26.1414],[-53.7205,-26.1469],[-53.7219,-26.1539],[-53.7268,-26.1596],[-53.7291,-26.1758],[-53.7372,-26.1861],[-53.7562,-26.1956],[-53.7739,-26.1938],[-53.8689,-26.1825],[-53.8715,-26.1783],[-53.8795,-26.1784],[-53.8856,-26.1747],[-53.8733,-26.172],[-53.877,-26.1656],[-53.8835,-26.1676],[-53.8924,-26.1636],[-53.8922,-26.157],[-53.9009,-26.1558],[-53.9044,-26.1667],[-53.9071,-26.1659],[-53.9113,-26.1547],[-53.9058,-26.154],[-53.9064,-26.1475],[-53.9135,-26.1486],[-53.9162,-26.1423],[-53.9123,-26.1369],[-53.9029,-26.136],[-53.9157,-26.1263],[-53.9229,-26.1377],[-53.9263,-26.1332],[-53.9274,-26.1259],[-53.9313,-26.1224],[-53.9396,-26.1212],[-53.936,-26.1142],[-53.9432,-26.1102],[-53.9397,-26.1032],[-53.954,-26.107],[-53.9572,-26.1056],[-53.962,-26.0965],[-53.9555,-26.0879],[-53.9492,-26.0877],[-53.9507,-26.0805],[-53.9595,-26.0836],[-53.9634,-26.0805],[-53.963,-26.0716],[-53.9686,-26.0718],[-53.9755,-26.0755],[-53.9787,-26.0694],[-53.9729,-26.0641],[-53.978,-26.0591],[-53.976,-26.0551],[-53.9879,-26.0556],[-53.9962,-26.0521],[-53.9992,-26.0414],[-54.0035,-26.0493],[-54.0072,-26.0466],[-54.006,-26.039],[-54.0111,-26.0305],[-54.0266,-26.0361],[-54.0219,-26.0291],[-54.0196,-26.0172],[-54.0138,-26.0119],[-54.028,-26.0067],[-54.0345,-26.0058],[-54.0376,-25.9988],[-54.0367,-25.9932],[-54.048,-25.9934],[-54.053,-25.9911],[-54.0566,-25.9994],[-54.0532,-26.0057],[-54.0532,-26.0136],[-54.0606,-26.0126],[-54.0595,-26.0051],[-54.0659,-25.9989],[-54.0624,-25.9917],[-54.0684,-25.9914],[-54.0789,-26.0011],[-54.082,-26.0121],[-54.0882,-26.0071],[-54.0829,-25.9964],[-54.0787,-25.9962],[-54.0811,-25.9853],[-54.075,-25.9825],[-54.0807,-25.9779],[-54.0938,-25.9827],[-54.0966,-25.9906],[-54.1027,-25.9861],[-54.0974,-25.973],[-54.0876,-25.971],[-54.0815,-25.9637],[-54.09,-25.9623],[-54.1131,-25.9683],[-54.1418,-25.9598],[-54.1833,-25.9454]]]},"properties":{"id":"d60b83ef-c0d2-4913-ad02-0deaee2f9ab0","nombre":"BERNARDO DE IRIGOYEN","zona":"NORTE","departamento":7,"superficie_km2":115939.2}},
{"type":"Feature","geometry":{"type":"Polygon","coordinates":[[[-54.5321,-26.3624],[-54.5263,-26.3594],[-54.5222,-26.3637],[-54.5167,-26.3604],[-54.4956,-26.3531],[-54.495,-26.3449],[-54.4864,-26.3438],[-54.48,-26.3398],[-54.4715,-26.3394],[-54.4665,-26.3454],[-54.466,-26.3528],[-54.4532,-26.3535],[-54.4534,-26.3498],[-54.4396,-26.3494],[-54.434,-26.3436],[-54.4282,-26.3438],[-54.4231,-26.3383],[-54.4129,-26.3345],[-54.4071,-26.3376],[-54.4062,-26.3286],[-54.3997,-26.3285],[-54.3929,-26.3231],[-54.3884,-26.3282],[-54.3834,-26.3222],[-54.3789,-26.3264],[-54.3743,-26.3238],[-54.3738,-26.3175],[-54.3697,-26.3136],[-54.3646,-26.3197],[-54.3568,-26.3143],[-54.3618,-26.3094],[-54.359,-26.2974],[-54.3524,-26.299],[-54.3542,-26.306],[-54.3463,-26.3085],[-54.3466,-26.3168],[-54.3331,-26.3254],[-54.3331,-26.3176],[-54.3403,-26.3084],[-54.3288,-26.3005],[-54.3234,-26.2994],[-54.3156,-26.3101],[-54.3088,-26.3058],[-54.309,-26.2955],[-54.3067,-26.2925],[-54.2977,-26.2934],[-54.2907,-26.2911],[-54.2878,-26.2958],[-54.2893,-26.3022],[-54.286,-26.3102],[-54.2794,-26.3043],[-54.2837,-26.2996],[-54.2695,-26.2852],[-54.2649,-26.29],[-54.2643,-26.387],[-54.2639,-26.2901],[-54.2552,-26.2911],[-54.2514,-26.2989],[-54.2443,-26.3],[-54.2401,-26.2935],[-54.2442,-26.2837],[-54.2419,-26.2781],[-54.2303,-26.2779],[-54.2213,-26.2848],[-54.2169,-26.276],[-54.2259,-26.269],[-54.4077,-26.2687],[-54.5338,-26.2684],[-54.6807,-26.2678],[-54.681,-26.2713],[-54.6736,-26.281],[-54.6659,-26.2844],[-54.6556,-26.2968],[-54.6491,-26.3098],[-54.6509,-26.318],[-54.6648,-26.3303],[-54.6746,-26.3421],[-54.6795,-26.3515],[-54.6743,-26.3519],[-54.664,-26.3698],[-54.6543,-26.3723],[-54.6569,-26.3654],[-54.6564,-26.3591],[-54.6527,-26.3512],[-54.6464,-26.3484],[-54.64,-26.3626],[-54.6298,-26.3647],[-54.6265,-26.3594],[-54.6306,-26.3494],[-54.6182,-26.351],[-54.6131,-26.3456],[-54.6115,-26.3585],[-54.6048,-26.3569],[-54.6053,-26.3648],[-54.5989,-26.3698],[-54.593,-26.3679],[-54.5835,-26.3691],[-54.5766,-26.3737],[-54.5729,-26.3807],[-54.5687,-26.3749],[-54.5629,-26.3746],[-54.5555,-26.3634],[-54.5455,-26.3628],[-54.5453,-26.3675],[-54.5368,-26.3672],[-54.5426,-26.3551],[-54.534,-26.358],[-54.5321,-26.3624]]]},"properties":{"id":"306ea241-20b1-4f90-a822-6558c5d0d5b4","nombre":"COLONIA VICTORIA","zona":"NORTE","departamento":6,"superficie_km2":32240.1}},
{"type":"Feature","geometry":{"type":"Polygon","coordinates":[[[-54.2652,-26.4864],[-54.264,-26.4494],[-54.2646,-26.4494],[-54.2643,-26.387],[-54.2649,-26.29],[-54.2695,-26.2852],[-54.2837,-26.2996],[-54.2794,-26.3043],[-54.286,-26.3102],[-54.2893,-26.3022],[-54.2878,-26.2958],[-54.2907,-26.2911],[-54.2977,-26.2934],[-54.3067,-26.2925],[-54.309,-26.2955],[-54.3088,-26.3058],[-54.3156,-26.3101],[-54.3234,-26.2994],[-54.3288,-26.3005],[-54.3403,-26.3084],[-54.3331,-26.3176],[-54.3331,-26.3254],[-54.3466,-26.3168],[-54.3463,-26.3085],[-54.3542,-26.306],[-54.3524,-26.299],[-54.359,-26.2974],[-54.3618,-26.3094],[-54.3568,-26.3143],[-54.3646,-26.3197],[-54.3697,-26.3136],[-54.3738,-26.3175],[-54.3743,-26.3238],[-54.3789,-26.3264],[-54.3834,-26.3222],[-54.3884,-26.3282],[-54.3929,-26.3231],[-54.3997,-26.3285],[-54.4062,-26.3286],[-54.4071,-26.3376],[-54.4129,-26.3345],[-54.4231,-26.3383],[-54.4282,-26.3438],[-54.434,-26.3436],[-54.4396,-26.3494],[-54.4534,-26.3498],[-54.4532,-26.3535],[-54.466,-26.3528],[-54.4665,-26.3454],[-54.4715,-26.3394],[-54.48,-26.3398],[-54.4864,-26.3438],[-54.495,-26.3449],[-54.4956,-26.3531],[-54.4521,-26.3755],[-54.4511,-26.515],[-54.4457,-26.5236],[-54.4421,-26.5231],[-54.4402,-26.5154],[-54.4446,-26.5066],[-54.44,-26.5053],[-54.4285,-26.5138],[-54.4193,-26.5083],[-54.4207,-26.4959],[-54.4113,-26.4995],[-54.416,-26.5092],[-54.412,-26.5158],[-54.4164,-26.5217],[-54.4083,-26.523],[-54.406,-26.5059],[-54.3987,-26.5034],[-54.3899,-26.5078],[-54.3849,-26.5062],[-54.386,-26.5003],[-54.3771,-26.4984],[-54.3792,-26.4863],[-54.3693,-26.4792],[-54.3676,-26.473],[-54.363,-26.4725],[-54.3648,-26.4826],[-54.3683,-26.4888],[-54.3688,-26.4963],[-54.354,-26.4924],[-54.3546,-26.4841],[-54.3464,-26.4863],[-54.352,-26.4987],[-54.3504,-26.5044],[-54.3434,-26.5032],[-54.3317,-26.5045],[-54.3248,-26.4911],[-54.3099,-26.4883],[-54.3102,-26.4997],[-54.3045,-26.4997],[-54.3008,-26.4897],[-54.2921,-26.4898],[-54.2871,-26.4992],[-54.2789,-26.5049],[-54.2748,-26.4943],[-54.2785,-26.4857],[-54.2779,-26.4803],[-54.2652,-26.4864]]]},"properties":{"id":"ef00c3d3-980b-42d9-b3a1-c0a7f066e448","nombre":"SANTIAGO DE LINIERS","zona":"NORTE","departamento":6,"superficie_km2":38651}},
{"type":"Feature","geometry":{"type":"Polygon","coordinates":[[[-53.9348,-27.1552],[-53.9249,-27.1642],[-53.9199,-27.1735],[-53.9079,-27.1767],[-53.8983,-27.1708],[-53.8894,-27.1551],[-53.8869,-27.1397],[-53.8828,-27.1317],[-53.8767,-27.1273],[-53.8645,-27.1266],[-53.8584,-27.1355],[-53.8535,-27.1485],[-53.8455,-27.1616],[-53.8356,-27.1691],[-53.8337,-27.1624],[-53.8373,-27.154],[-53.8252,-27.1447],[-53.8138,-27.1449],[-53.8013,-27.1472],[-53.7984,-27.1447],[-53.8002,-27.1363],[-53.8154,-27.1403],[-53.8204,-27.1393],[-53.8258,-27.131],[-53.8165,-27.1299],[-53.8049,-27.1226],[-53.8073,-27.1111],[-53.8189,-27.104],[-53.8144,-27.098],[-53.81,-27.0997],[-53.8065,-27.1066],[-53.7965,-27.1105],[-53.7776,-27.1013],[-53.7976,-27.0891],[-53.8052,-27.0828],[-53.8058,-27.0779],[-53.7989,-27.0665],[-53.7883,-27.076],[-53.78,-27.0791],[-53.7749,-27.0768],[-53.7753,-27.0712],[-53.7824,-27.0723],[-53.7878,-27.0696],[-53.7989,-27.0584],[-53.799,-27.0514],[-53.8028,-27.0404],[-53.7968,-27.0398],[-53.7911,-27.0443],[-53.7838,-27.056],[-53.7739,-27.0653],[-53.7678,-27.0679],[-53.7625,-27.0665],[-53.7594,-27.0615],[-53.7688,-27.0571],[-53.776,-27.051],[-53.7791,-27.0386],[-53.786,-27.0283],[-53.7807,-27.0268],[-53.7726,-27.0344],[-53.7668,-27.0446],[-53.7628,-27.0446],[-53.7597,-27.0344],[-53.7477,-27.0319],[-53.7506,-27.0214],[-53.7602,-27.0168],[-53.7643,-27.0089],[-53.7598,-27.0054],[-53.7515,-27.0054],[-53.7421,-27.0147],[-53.7323,-27.0073],[-53.7343,-27.0018],[-53.744,-26.9939],[-53.7355,-26.9911],[-53.7267,-26.9941],[-53.7188,-26.9909],[-53.7201,-26.9833],[-53.7363,-26.9768],[-53.7309,-26.9732],[-53.7282,-26.9609],[-53.723,-26.9591],[-53.7167,-26.9643],[-53.7111,-26.9654],[-53.7032,-26.9599],[-53.7015,-26.9533],[-53.709,-26.9424],[-53.7097,-26.9344],[-53.7052,-26.9333],[-53.6927,-26.9383],[-53.6843,-26.9441],[-53.6757,-26.946],[-53.6723,-26.9413],[-53.6838,-26.9377],[-53.6965,-26.9311],[-53.6965,-26.9269],[-53.6822,-26.9163],[-53.6801,-26.9028],[-53.6716,-26.8957],[-53.6743,-26.8927],[-53.6909,-26.8904],[-53.6966,-26.8864],[-53.691,-26.8753],[-53.6847,-26.8669],[-53.6885,-26.8606],[-53.6738,-26.8612],[-53.6653,-26.8644],[-53.6611,-26.8626],[-53.6623,-26.8567],[-53.6716,-26.853],[-53.6767,-26.8444],[-53.6807,-26.8422],[-53.6893,-26.8482],[-53.6948,-26.8478],[-53.6962,-26.8422],[-53.689,-26.8375],[-53.6985,-26.829],[-53.7006,-26.8152],[-53.6977,-26.812],[-53.7009,-26.8038],[-53.7005,-26.7985],[-53.7085,-26.7983],[-53.7162,-26.7894],[-53.7173,-26.7804],[-53.7,-26.7685],[-53.7135,-26.7662],[-53.7164,-26.7732],[-53.7313,-26.7738],[-53.744,-26.7632],[-53.7408,-26.7612],[-53.7334,-26.7655],[-53.7277,-26.7645],[-53.7183,-26.759],[-53.7148,-26.75],[-53.7223,-26.7477],[-53.7292,-26.7405],[-53.7493,-26.7418],[-53.7499,-26.7365],[-53.7436,-26.7302],[-53.7512,-26.724],[-53.7582,-26.7211],[-53.7581,-26.7148],[-53.753,-26.7109],[-53.748,-26.7197],[-53.7358,-26.7182],[-53.7335,-26.6996],[-53.7424,-26.6905],[-53.7388,-26.6819],[-53.7343,-26.6894],[-53.7278,-26.6922],[-53.7179,-26.685],[-53.7266,-26.6734],[-53.726,-26.6668],[-53.7191,-26.6678],[-53.7195,-26.66],[-53.728,-26.6585],[-53.734,-26.6521],[-53.7361,-26.6453],[-53.742,-26.6477],[-53.7569,-26.6442],[-53.7574,-26.6375],[-53.7511,-26.6351],[-53.7447,-26.6423],[-53.7413,-26.6374],[-53.7408,-26.6301],[-53.7332,-26.6307],[-53.7336,-26.6254],[-53.7295,-26.621],[-53.7336,-26.6137],[-53.7346,-26.6071],[-53.725,-26.589],[-53.7221,-26.5809],[-53.7206,-26.5613],[-53.7106,-26.5626],[-53.7106,-26.5562],[-53.7219,-26.5584],[-53.7311,-26.5658],[-53.7372,-26.5656],[-53.7357,-26.5589],[-53.7258,-26.5595],[-53.7257,-26.5524],[-53.7287,-26.5488],[-53.738,-26.5478],[-53.7415,-26.5435],[-53.7311,-26.5385],[-53.7238,-26.5424],[-53.7201,-26.5381],[-53.7245,-26.5346],[-53.723,-26.5269],[-53.7273,-26.5245],[-53.7303,-26.5028],[-53.7248,-26.5006],[-53.7208,-26.5066],[-53.7076,-26.4998],[-53.7036,-26.4905],[-53.6983,-26.4906],[-53.7,-26.4782],[-53.7085,-26.4801],[-53.709,-26.4741],[-53.7133,-26.4686],[-53.7197,-26.4684],[-53.7673,-26.3946],[-53.7708,-26.3883],[-53.7627,-26.3807],[-53.7611,-26.375],[-53.7578,-26.3653],[-53.7604,-26.3571],[-53.7502,-26.3467],[-53.7474,-26.3347],[-53.83,-26.3344],[-53.8324,-26.3401],[-53.8393,-26.3561],[-53.8596,-26.3612],[-53.8692,-26.4017],[-53.8731,-26.4152],[-53.9257,-26.4504],[-53.9723,-26.4505],[-54.0213,-26.4497],[-54.1333,-26.4509],[-54.264,-26.4494],[-54.2652,-26.4864],[-54.2684,-26.6397],[-54.1883,-26.6672],[-54.2046,-26.6816],[-54.2168,-26.699],[-54.2419,-26.7033],[-54.2415,-26.7257],[-54.26,-26.7393],[-54.2383,-26.7788],[-54.2353,-26.787],[-54.2374,-26.8036],[-54.1396,-26.7483],[-54.1413,-26.7625],[-54.1275,-26.7735],[-54.1332,-26.7759],[-54.1311,-26.7831],[-54.1348,-26.7873],[-54.1285,-26.7939],[-54.1281,-26.8075],[-54.1229,-26.8129],[-54.1176,-26.8116],[-54.1084,-26.8152],[-54.1024,-26.8261],[-54.1038,-26.841],[-54.0953,-26.8458],[-54.0883,-26.8434],[-54.0834,-26.8502],[-54.0987,-26.858],[-54.0963,-26.8624],[-54.0902,-26.8694],[-54.0805,-26.8672],[-54.075,-26.8722],[-54.0796,-26.877],[-54.0778,-26.8873],[-54.0732,-26.8885],[-54.0705,-26.8815],[-54.0647,-26.875],[-54.0585,-26.8832],[-54.0498,-26.881],[-54.0451,-26.8847],[-54.0496,-26.8919],[-54.0502,-26.9025],[-54.0344,-26.8973],[-54.0298,-26.909],[-54.0255,-26.9022],[-54.0216,-26.9039],[-54.0224,-26.9102],[-54.0201,-26.9212],[-54.0145,-26.9309],[-54.0084,-26.9326],[-54.0086,-26.9374],[-54.017,-26.9402],[-54.0261,-26.9357],[-54.031,-26.9362],[-54.0351,-26.9436],[-54.0334,-26.9464],[-54.0226,-26.9482],[-54.0149,-26.9606],[-54.0143,-26.9693],[-54.0174,-26.9792],[-54.0272,-26.9791],[-54.0282,-26.9831],[-54.0198,-26.9928],[-54.0114,-26.9865],[-54.0032,-26.985],[-54.0044,-26.9921],[-54.0023,-26.9982],[-53.9941,-27.003],[-53.9988,-27.0107],[-54.0068,-27.0111],[-54.0148,-27.0051],[-54.0172,-27.0104],[-54.0085,-27.0164],[-54.0052,-27.0251],[-54.0004,-27.0256],[-53.9819,-27.0157],[-53.9756,-27.02],[-53.9786,-27.0304],[-53.9772,-27.0343],[-53.9667,-27.0341],[-53.9663,-27.0523],[-53.9569,-27.0505],[-53.9548,-27.0449],[-53.9435,-27.039],[-53.9349,-27.0365],[-53.9349,-27.0522],[-53.9438,-27.0571],[-53.9465,-27.0639],[-53.9407,-27.0649],[-53.9255,-27.0612],[-53.9206,-27.0439],[-53.9158,-27.0473],[-53.9164,-27.0578],[-53.9112,-27.0634],[-53.9095,-27.0691],[-53.9006,-27.0693],[-53.9014,-27.0617],[-53.8933,-27.0549],[-53.8899,-27.0609],[-53.8905,-27.0667],[-53.8988,-27.0725],[-53.9029,-27.0812],[-53.8985,-27.0859],[-53.8892,-27.09],[-53.8922,-27.0937],[-53.9055,-27.0937],[-53.9062,-27.1018],[-53.8781,-27.1089],[-53.8782,-27.1123],[-53.8868,-27.1157],[-53.8931,-27.1209],[-53.902,-27.1167],[-53.9075,-27.1169],[-53.9135,-27.1256],[-53.9238,-27.1238],[-53.9242,-27.1284],[-53.9175,-27.132],[-53.8987,-27.1325],[-53.8988,-27.1384],[-53.9118,-27.1475],[-53.9158,-27.1479],[-53.9315,-27.1418],[-53.9349,-27.1433],[-53.9326,-27.1514],[-53.9348,-27.1552]]]},"properties":{"id":"07bf3996-a212-4622-a364-5757b0f00c76","nombre":"SAN PEDRO","zona":"NORTE","departamento":16,"superficie_km2":316627.3}},
{"type":"Feature","geometry":{"type":"Polygon","coordinates":[[[-54.2259,-26.269],[-54.2169,-26.276],[-54.2213,-26.2848],[-54.2303,-26.2779],[-54.2419,-26.2781],[-54.2442,-26.2837],[-54.2401,-26.2935],[-54.2443,-26.3],[-54.2514,-26.2989],[-54.2552,-26.2911],[-54.2639,-26.2901],[-54.2643,-26.387],[-54.2646,-26.4494],[-54.264,-26.4494],[-54.1333,-26.4509],[-54.0213,-26.4497],[-53.9723,-26.4505],[-53.9257,-26.4504],[-53.8731,-26.4152],[-53.8692,-26.4017],[-53.8596,-26.3612],[-53.8393,-26.3561],[-53.8324,-26.3401],[-53.8371,-26.3463],[-53.843,-26.3458],[-53.8497,-26.3408],[-53.8633,-26.3425],[-53.8704,-26.3406],[-53.8797,-26.3256],[-53.8739,-26.3168],[-53.875,-26.3147],[-53.8794,-26.3078],[-53.8765,-26.2982],[-53.8863,-26.2871],[-53.8847,-26.2804],[-53.8849,-26.2553],[-53.8867,-26.2474],[-53.8947,-26.245],[-53.8992,-26.2463],[-53.9061,-26.2418],[-53.915,-26.2406],[-53.9323,-26.2414],[-53.9365,-26.2374],[-53.9474,-26.2371],[-53.9473,-26.2222],[-53.9586,-26.2171],[-53.9867,-26.2167],[-53.9869,-26.2681],[-54.1647,-26.268],[-54.2258,-26.2681],[-54.2259,-26.269]]]},"properties":{"id":"5260f4ff-6b44-42a6-8aa0-5aba59de45f2","nombre":"POZO AZUL","zona":"NORTE","departamento":16,"superficie_km2":81682.6}},
{"type":"Feature","geometry":{"type":"Polygon","coordinates":[[[-54.7187,-27.0611],[-54.7796,-27.099],[-54.7884,-27.1044],[-54.7973,-27.094],[-54.8013,-27.0934],[-54.8056,-27.1059],[-54.8082,-27.1057],[-54.8136,-27.1153],[-54.8215,-27.1155],[-54.8267,-27.1254],[-54.832,-27.1216],[-54.8582,-27.0872],[-54.8647,-27.0735],[-54.874,-27.0692],[-54.8877,-27.0679],[-54.8918,-27.0576],[-54.8966,-27.0662],[-54.9066,-27.0587],[-54.9066,-27.0647],[-54.9128,-27.0678],[-54.9154,-27.0751],[-54.9261,-27.0723],[-54.9268,-27.0777],[-54.9371,-27.0754],[-54.9388,-27.0858],[-54.9506,-27.0838],[-54.9578,-27.0941],[-54.9629,-27.0926],[-54.9665,-27.0994],[-54.9633,-27.103],[-54.9773,-27.1052],[-54.9798,-27.1022],[-54.9757,-27.0955],[-54.9866,-27.0883],[-54.9917,-27.0879],[-54.992,-27.0816],[-54.9978,-27.0707],[-55.0064,-27.0692],[-55.0165,-27.1671],[-55.0118,-27.1673],[-54.9909,-27.159],[-54.9859,-27.1525],[-54.9754,-27.1596],[-54.9681,-27.1535],[-54.9476,-27.1777],[-54.9363,-27.1804],[-54.9152,-27.2068],[-54.8838,-27.1878],[-54.8854,-27.1962],[-54.8793,-27.2008],[-54.8827,-27.2058],[-54.8784,-27.2127],[-54.8595,-27.2182],[-54.8598,-27.2277],[-54.8461,-27.2339],[-54.8472,-27.2473],[-54.8415,-27.2554],[-54.8332,-27.2541],[-54.8351,-27.2486],[-54.8275,-27.2483],[-54.7023,-27.2135],[-54.7009,-27.2045],[-54.71,-27.1913],[-54.709,-27.1847],[-54.717,-27.1731],[-54.716,-27.1634],[-54.6332,-27.1635],[-54.6327,-27.1571],[-54.6426,-27.1576],[-54.6443,-27.1546],[-54.6403,-27.1455],[-54.6437,-27.1415],[-54.6523,-27.1434],[-54.6494,-27.1349],[-54.654,-27.1279],[-54.6607,-27.1247],[-54.6733,-27.1125],[-54.6728,-27.1066],[-54.6792,-27.1061],[-54.6908,-27.0914],[-54.6954,-27.0915],[-54.7187,-27.0611]]]},"properties":{"id":"7bcdaf3f-155b-479d-8409-07f4580468fe","nombre":"ARISTOBULO DEL VALLE","zona":"CENTRO","departamento":2,"superficie_km2":44818.4}},
{"type":"Feature","geometry":{"type":"Polygon","coordinates":[[[-54.7302,-27.046],[-54.7421,-27.0506],[-54.7602,-27.0518],[-54.7653,-27.0453],[-54.7663,-27.0396],[-54.7814,-27.0279],[-54.7867,-27.0079],[-54.7994,-27.0103],[-54.7978,-27.0055],[-54.8076,-27.0065],[-54.8138,-27.0031],[-54.8115,-26.9971],[-54.8145,-26.9892],[-54.83,-26.9905],[-54.8386,-26.9962],[-54.8454,-26.9955],[-54.8511,-26.9913],[-54.8599,-26.9891],[-54.8721,-26.9884],[-54.8764,-26.9842],[-54.8847,-26.9873],[-54.8996,-26.989],[-54.8996,-27.0012],[-54.8861,-27.0026],[-54.883,-27.0055],[-54.8826,-27.0381],[-54.8856,-27.0521],[-54.8918,-27.0576],[-54.8877,-27.0679],[-54.874,-27.0692],[-54.8647,-27.0735],[-54.8582,-27.0872],[-54.832,-27.1216],[-54.8267,-27.1254],[-54.8215,-27.1155],[-54.8136,-27.1153],[-54.8082,-27.1057],[-54.8056,-27.1059],[-54.8013,-27.0934],[-54.7973,-27.094],[-54.7884,-27.1044],[-54.7796,-27.099],[-54.7187,-27.0611],[-54.7302,-27.046]]]},"properties":{"id":"5a016f87-1f22-4a4a-a468-076935e12a99","nombre":"SALTO ENCANTADO","zona":"CENTRO","departamento":2,"superficie_km2":14216.4}},
{"type":"Feature","geometry":{"type":"Polygon","coordinates":[[[-54.0963,-26.8624],[-54.0987,-26.858],[-54.0834,-26.8502],[-54.0883,-26.8434],[-54.0953,-26.8458],[-54.1038,-26.841],[-54.1024,-26.8261],[-54.1084,-26.8152],[-54.1176,-26.8116],[-54.1229,-26.8129],[-54.1281,-26.8075],[-54.1285,-26.7939],[-54.1348,-26.7873],[-54.1311,-26.7831],[-54.1332,-26.7759],[-54.1275,-26.7735],[-54.1413,-26.7625],[-54.1396,-26.7483],[-54.2374,-26.8036],[-54.2353,-26.787],[-54.2383,-26.7788],[-54.26,-26.7393],[-54.2415,-26.7257],[-54.2419,-26.7033],[-54.2168,-26.699],[-54.2046,-26.6816],[-54.1883,-26.6672],[-54.2684,-26.6397],[-54.3799,-26.7023],[-54.3935,-26.7093],[-54.3978,-26.7147],[-54.4021,-26.7121],[-54.4246,-26.7371],[-54.3848,-26.7614],[-54.4015,-26.7778],[-54.3685,-26.8023],[-54.3725,-26.8101],[-54.3808,-26.8212],[-54.3552,-26.8382],[-54.356,-26.8454],[-54.3423,-26.866],[-54.3463,-26.8783],[-54.3454,-26.8828],[-54.3355,-26.8867],[-54.3302,-26.8917],[-54.3243,-26.8932],[-54.32,-26.8978],[-54.317,-26.9056],[-54.3186,-26.9119],[-54.311,-26.9118],[-54.3071,-26.9151],[-54.2984,-26.9155],[-54.307,-26.9299],[-54.2955,-26.9339],[-54.2888,-26.9431],[-54.2916,-26.9496],[-54.2845,-26.9571],[-54.2791,-26.9573],[-54.2776,-26.9647],[-54.2863,-26.9627],[-54.2898,-26.9702],[-54.2863,-26.9769],[-54.2804,-26.9721],[-54.27,-26.9774],[-54.187,-26.934],[-54.19,-26.9285],[-54.1817,-26.9273],[-54.1828,-26.92],[-54.188,-26.9152],[-54.0963,-26.8624]]]},"properties":{"id":"43d5ea16-e1a9-47c2-95b6-457ed06eccb4","nombre":"FRACRAN","zona":"CENTRO","departamento":8,"superficie_km2":60799.8}},
{"type":"Feature","geometry":{"type":"Polygon","coordinates":[[[-53.8849,-26.2553],[-53.8847,-26.2804],[-53.8863,-26.2871],[-53.8765,-26.2982],[-53.8794,-26.3078],[-53.875,-26.3147],[-53.8739,-26.3168],[-53.8797,-26.3256],[-53.8704,-26.3406],[-53.8633,-26.3425],[-53.8497,-26.3408],[-53.843,-26.3458],[-53.8371,-26.3463],[-53.8324,-26.3401],[-53.83,-26.3344],[-53.7474,-26.3347],[-53.7502,-26.3467],[-53.7604,-26.3571],[-53.7578,-26.3653],[-53.7611,-26.375],[-53.7627,-26.3807],[-53.7708,-26.3883],[-53.7673,-26.3946],[-53.7197,-26.4684],[-53.7133,-26.4686],[-53.7098,-26.4653],[-53.6995,-26.4628],[-53.6973,-26.4544],[-53.7028,-26.4502],[-53.7046,-26.443],[-53.7019,-26.4403],[-53.6885,-26.4433],[-53.6875,-26.4308],[-53.6986,-26.4224],[-53.6977,-26.4164],[-53.7058,-26.4159],[-53.6971,-26.4017],[-53.7072,-26.3951],[-53.7104,-26.3878],[-53.7026,-26.3888],[-53.6975,-26.379],[-53.7028,-26.3726],[-53.6992,-26.3629],[-53.6904,-26.3602],[-53.6917,-26.3537],[-53.6857,-26.336],[-53.6775,-26.3307],[-53.6709,-26.3303],[-53.672,-26.3205],[-53.666,-26.3166],[-53.7265,-26.2858],[-53.7263,-26.2726],[-53.7364,-26.2576],[-53.7535,-26.2599],[-53.7533,-26.2763],[-53.7648,-26.2762],[-53.7693,-26.2783],[-53.7809,-26.2693],[-53.7852,-26.2718],[-53.7927,-26.2672],[-53.7928,-26.2553],[-53.8849,-26.2553]]]},"properties":{"id":"61e4293f-70df-4f1b-b186-47a3c6226e82","nombre":"DOS HERMANAS","zona":"NORTE","departamento":7,"superficie_km2":115939.2}}
]}