{"type":"FeatureCollection", "features": [
{"type":"Feature","geometry":{"type":"Polygon","coordinates":[[[-58.2,-32.45],[-58.1,-32.31],[-58.19,-32.15],[-58.15,-32.06],[-58.16,-31.94],[-58.2,-31.87],[-58.05,-31.8],[-57.98,-31.6],[-58.04,-31.51],[-58.06,-31.44],[-57.99,-31.4],[-57.91,-31.25],[-57.9,-31.13],[-57.85,-31.06],[-57.9,-30.93],[-57.8,-30.89],[-57.8,-30.79],[-57.81,-30.75],[-58,-30.59],[-58.05,-30.44],[-58.17,-30.34],[-58.26,-30.23],[-58.63,-30.15],[-58.88,-30.23],[-59.01,-30.2],[-59.24,-30.34],[-59.34,-30.31],[-59.5,-30.31],[-59.66,-30.34],[-59.62,-30.45],[-59.62,-30.59],[-59.65,-30.72],[-60,-31.21],[-60.1,-31.37],[-60.26,-31.5],[-60.35,-31.62],[-60.47,-31.7],[-60.65,-31.72],[-60.67,-31.85],[-60.72,-31.92],[-60.66,-32.07],[-60.71,-32.17],[-60.73,-32.45],[-60.77,-32.58],[-60.72,-32.64],[-60.69,-32.81],[-60.56,-33.05],[-60.49,-33.12],[-60.29,-33.26],[-60.12,-33.39],[-59.95,-33.49],[-59.84,-33.53],[-59.79,-33.6],[-59.6,-33.68],[-59.52,-33.66],[-59.39,-33.74],[-59.3,-33.74],[-59.17,-33.83],[-59.03,-33.83],[-58.85,-33.94],[-58.78,-33.95],[-58.68,-34.03],[-58.59,-34.05],[-58.45,-34.01],[-58.47,-33.84],[-58.55,-33.68],[-58.54,-33.53],[-58.49,-33.37],[-58.41,-33.3],[-58.43,-33.23],[-58.38,-33.08],[-58.19,-33.09],[-58.15,-33.05],[-58.14,-32.88],[-58.18,-32.83],[-58.22,-32.49],[-58.2,-32.45]]]},"properties":{"nombre":"Entre Ríos","pais":"ARG"}},
{"type":"Feature","geometry":{"type":"Polygon","coordinates":[[[-58.2,-32.45],[-58.19,-32.49],[-58.11,-32.48],[-57.99,-32.59],[-57.78,-32.61],[-57.76,-32.56],[-57.58,-32.54],[-57.46,-32.44],[-57.25,-32.44],[-57.17,-32.39],[-57.03,-32.36],[-56.93,-32.41],[-56.73,-32.41],[-56.56,-32.49],[-56.51,-32.36],[-56.35,-32.21],[-56.25,-31.92],[-56.28,-31.79],[-56.32,-31.75],[-56.37,-31.76],[-56.51,-31.87],[-56.65,-31.85],[-56.84,-31.79],[-56.93,-31.81],[-57.17,-31.8],[-57.33,-31.74],[-57.38,-31.68],[-57.46,-31.68],[-57.59,-31.61],[-57.76,-31.58],[-57.8,-31.51],[-57.91,-31.47],[-58.04,-31.51],[-57.98,-31.6],[-58.05,-31.8],[-58.2,-31.87],[-58.16,-31.94],[-58.15,-32.06],[-58.19,-32.15],[-58.1,-32.31],[-58.2,-32.45]]]},"properties":{"nombre":"Paysandú","pais":"URY"}},
{"type":"Feature","geometry":{"type":"Polygon","coordinates":[[[-68.69,-12.49],[-68.8,-12.64],[-68.77,-12.72],[-68.86,-12.74],[-68.99,-12.89],[-68.97,-13.03],[-68.98,-13.21],[-68.96,-13.28],[-68.97,-13.5],[-69.08,-13.7],[-69.02,-13.75],[-68.97,-13.99],[-68.9,-14.05],[-68.86,-14.19],[-69.02,-14.26],[-68.99,-14.38],[-69.08,-14.43],[-69.25,-14.59],[-69.25,-14.72],[-69.37,-14.8],[-69.38,-14.98],[-69.29,-15.1],[-69.15,-15.23],[-69.26,-15.31],[-69.33,-15.42],[-69.43,-15.63],[-69.33,-15.89],[-69.19,-16.2],[-69.12,-16.23],[-68.96,-16.22],[-68.84,-16.3],[-68.86,-16.36],[-69,-16.42],[-69.04,-16.47],[-69.05,-16.68],[-69.19,-16.74],[-69.22,-16.82],[-69.42,-17.03],[-69.43,-17.09],[-69.51,-17.11],[-69.62,-17.18],[-69.67,-17.29],[-69.6,-17.3],[-69.51,-17.4],[-69.51,-17.59],[-69.33,-17.81],[-69.3,-17.98],[-69.08,-18.04],[-68.87,-17.97],[-68.73,-17.88],[-68.61,-17.74],[-68.45,-17.65],[-68.17,-17.65],[-68.01,-17.72],[-67.81,-17.86],[-67.74,-17.84],[-67.76,-17.74],[-67.42,-17.51],[-67.28,-17.44],[-67.15,-17.4],[-67.09,-17.42],[-66.99,-17.55],[-66.84,-17.47],[-66.9,-17.16],[-67.02,-17.05],[-66.98,-16.91],[-66.91,-16.82],[-66.85,-16.82],[-66.76,-16.76],[-66.77,-16.59],[-66.82,-16.46],[-66.8,-16.28],[-66.87,-16.21],[-66.95,-16.07],[-66.93,-15.85],[-66.78,-15.7],[-67.03,-15.48],[-67.12,-15.38],[-67.11,-15.32],[-67.18,-15.16],[-67.28,-15.02],[-67.42,-14.97],[-67.43,-14.75],[-67.53,-14.61],[-67.49,-14.49],[-67.57,-14.33],[-67.52,-14.29],[-67.51,-14.15],[-67.54,-14],[-67.48,-13.84],[-67.48,-13.73],[-67.37,-13.59],[-67.4,-13.4],[-67.34,-13.3],[-67.16,-13.11],[-67.1,-13.02],[-67.05,-13.02],[-67,-12.9],[-66.95,-12.67],[-66.93,-12.38],[-67.96,-11.91],[-68.01,-11.97],[-68.22,-12.02],[-68.27,-12.18],[-68.39,-12.24],[-68.49,-12.43],[-68.56,-12.4],[-68.65,-12.5],[-68.69,-12.49]]]},"properties":{"nombre":"La Paz","pais":"BOL"}},
{"type":"Feature","geometry":{"type":"Polygon","coordinates":[[[-69.08,-18.04],[-69.16,-18.14],[-69.1,-18.23],[-69.08,-18.4],[-69.04,-18.46],[-69.01,-18.75],[-68.95,-18.86],[-68.99,-18.95],[-68.91,-19.07],[-68.81,-19.11],[-68.64,-19.29],[-68.45,-19.41],[-68.58,-19.57],[-67.83,-19.81],[-67.69,-19.83],[-67.24,-19.66],[-66.73,-19.44],[-66.62,-19.37],[-66.5,-19.26],[-66.43,-19.23],[-66.06,-19.2],[-66.04,-19.17],[-66.18,-19],[-66.3,-18.75],[-66.5,-18.7],[-66.62,-18.62],[-66.69,-18.5],[-66.68,-18.35],[-66.57,-18.3],[-66.61,-18.23],[-66.69,-18.24],[-66.75,-18.16],[-66.73,-18.05],[-66.62,-17.99],[-66.68,-17.86],[-66.83,-17.67],[-66.99,-17.55],[-67.09,-17.42],[-67.15,-17.4],[-67.28,-17.44],[-67.42,-17.51],[-67.76,-17.74],[-67.74,-17.84],[-67.81,-17.86],[-68.01,-17.72],[-68.17,-17.65],[-68.45,-17.65],[-68.61,-17.74],[-68.73,-17.88],[-68.87,-17.97],[-69.08,-18.04]]]},"properties":{"nombre":"Oruro","pais":"BOL"}},
{"type":"Feature","geometry":{"type":"Polygon","coordinates":[[[-68.58,-19.57],[-68.69,-19.7],[-68.7,-19.75],[-68.55,-19.86],[-68.59,-20.06],[-68.65,-20.05],[-68.78,-20.09],[-68.73,-20.15],[-68.73,-20.23],[-68.68,-20.33],[-68.76,-20.36],[-68.77,-20.42],[-68.69,-20.52],[-68.48,-20.62],[-68.57,-20.74],[-68.56,-20.91],[-68.42,-20.96],[-68.21,-21.28],[-68.19,-21.33],[-68.2,-21.57],[-68.13,-21.71],[-68.1,-21.95],[-67.97,-22.08],[-67.94,-22.21],[-67.95,-22.33],[-67.86,-22.57],[-67.89,-22.82],[-67.77,-22.89],[-67.51,-22.89],[-67.19,-22.82],[-67.14,-22.74],[-67.04,-22.66],[-66.99,-22.53],[-66.94,-22.48],[-66.8,-22.43],[-66.76,-22.27],[-66.7,-22.2],[-66.38,-22.13],[-66.3,-22.07],[-66.29,-21.96],[-66.24,-21.79],[-66.06,-21.86],[-66.05,-21.92],[-65.95,-21.93],[-65.78,-22.11],[-65.61,-22.1],[-65.19,-22.1],[-65.21,-21.95],[-65.33,-21.8],[-65.23,-21.54],[-65.32,-21.48],[-65.48,-21.3],[-65.47,-21.1],[-65.43,-20.96],[-65.42,-20.84],[-65.3,-20.53],[-65.37,-20.27],[-65.37,-20.2],[-65.31,-20.11],[-65.31,-20.04],[-65.23,-19.99],[-65.06,-19.97],[-64.87,-19.87],[-64.75,-19.71],[-64.88,-19.53],[-64.87,-19.45],[-64.96,-19.35],[-65.13,-19.38],[-65.29,-19.31],[-65.45,-19.17],[-65.54,-19.02],[-65.47,-18.92],[-65.51,-18.82],[-65.42,-18.7],[-65.61,-18.69],[-65.62,-18.47],[-65.69,-18.41],[-65.69,-18.35],[-65.55,-18.41],[-65.49,-18.39],[-65.34,-18.42],[-65.47,-18.34],[-65.64,-18.13],[-65.83,-17.99],[-65.94,-17.98],[-66.02,-17.86],[-66.16,-17.86],[-66.34,-17.98],[-66.62,-17.99],[-66.73,-18.05],[-66.75,-18.16],[-66.69,-18.24],[-66.61,-18.23],[-66.57,-18.3],[-66.68,-18.35],[-66.69,-18.5],[-66.62,-18.62],[-66.5,-18.7],[-66.3,-18.75],[-66.18,-19],[-66.04,-19.17],[-66.06,-19.2],[-66.43,-19.23],[-66.5,-19.26],[-66.62,-19.37],[-66.73,-19.44],[-67.24,-19.66],[-67.69,-19.83],[-67.83,-19.81],[-68.58,-19.57]]]},"properties":{"nombre":"Potosí","pais":"BOL"}},
{"type":"Feature","geometry":{"type":"Polygon","coordinates":[[[-67.25,-23.73],[-67.36,-24.03],[-67.89,-24.24],[-68.27,-24.4],[-68.31,-24.49],[-68.4,-24.5],[-68.45,-24.63],[-68.52,-24.68],[-68.58,-24.79],[-68.56,-24.86],[-68.47,-24.91],[-68.38,-25.14],[-68.49,-25.16],[-67.81,-25.28],[-66.56,-25.27],[-66.53,-25.39],[-66.47,-25.47],[-66.51,-25.63],[-66.57,-25.67],[-66.73,-25.67],[-66.81,-25.73],[-66.8,-25.86],[-66.62,-26.1],[-66.52,-26.28],[-66.41,-26.39],[-66.36,-26.37],[-66.31,-26.26],[-66.22,-26.17],[-66.14,-26.18],[-66.05,-26.25],[-65.71,-26.3],[-65.68,-26.08],[-65.42,-26.12],[-65.31,-26.08],[-65.27,-26.16],[-64.97,-26.27],[-64.9,-26.27],[-64.77,-26.21],[-64.7,-26.23],[-64.49,-26.22],[-64.43,-26.05],[-64.21,-25.6],[-64.19,-25.58],[-63.92,-25.65],[-63.4,-25.66],[-63.09,-25.3],[-62.33,-24.4],[-62.34,-24.12],[-62.34,-23.56],[-62.34,-22.47],[-62.44,-22.42],[-62.65,-22.23],[-62.77,-22.14],[-62.8,-22],[-63.68,-22],[-63.74,-22.05],[-63.81,-22],[-63.93,-22],[-64,-22.1],[-64.05,-22.23],[-64.09,-22.26],[-64.16,-22.44],[-64.24,-22.52],[-64.3,-22.78],[-64.46,-22.63],[-64.43,-22.54],[-64.53,-22.43],[-64.57,-22.34],[-64.54,-22.27],[-64.59,-22.21],[-64.83,-22.14],[-65.02,-22.1],[-65.19,-22.1],[-65.23,-22.18],[-65.24,-22.33],[-65.34,-22.51],[-65.34,-22.6],[-65.29,-22.68],[-65.27,-22.85],[-65.17,-22.99],[-65.06,-22.99],[-65.01,-23.03],[-65.03,-23.28],[-64.96,-23.3],[-64.87,-23.5],[-64.78,-23.5],[-64.66,-23.45],[-64.52,-23.54],[-64.44,-23.62],[-64.35,-23.5],[-64.19,-23.51],[-64.18,-23.54],[-64.16,-24.2],[-64.27,-24.38],[-64.4,-24.42],[-64.57,-24.54],[-64.62,-24.61],[-64.82,-24.46],[-64.9,-24.59],[-65.03,-24.57],[-65.17,-24.45],[-65.25,-24.5],[-65.54,-24.43],[-65.72,-24.23],[-65.76,-24.08],[-65.89,-23.98],[-65.95,-24],[-66.03,-23.85],[-65.99,-23.73],[-65.99,-23.53],[-66.17,-23.42],[-66.33,-23.37],[-66.38,-23.39],[-66.41,-23.52],[-66.33,-23.78],[-66.35,-24.04],[-66.41,-24.15],[-66.5,-24.24],[-66.64,-24.22],[-66.78,-24.09],[-66.86,-24.06],[-67.08,-23.83],[-67.16,-23.81],[-67.25,-23.73]]]},"properties":{"nombre":"Salta","pais":"ARG"}},
{"type":"Feature","geometry":{"type":"Polygon","coordinates":[[[-67.19,-22.82],[-67.01,-23],[-67.25,-23.73],[-67.16,-23.81],[-67.08,-23.83],[-66.86,-24.06],[-66.78,-24.09],[-66.64,-24.22],[-66.5,-24.24],[-66.41,-24.15],[-66.35,-24.04],[-66.33,-23.78],[-66.41,-23.52],[-66.38,-23.39],[-66.33,-23.37],[-66.17,-23.42],[-65.99,-23.53],[-65.99,-23.73],[-66.03,-23.85],[-65.95,-24],[-65.89,-23.98],[-65.76,-24.08],[-65.72,-24.23],[-65.54,-24.43],[-65.25,-24.5],[-65.17,-24.45],[-65.03,-24.57],[-64.9,-24.59],[-64.82,-24.46],[-64.62,-24.61],[-64.57,-24.54],[-64.4,-24.42],[-64.27,-24.38],[-64.16,-24.2],[-64.18,-23.54],[-64.19,-23.51],[-64.35,-23.5],[-64.44,-23.62],[-64.52,-23.54],[-64.66,-23.45],[-64.78,-23.5],[-64.87,-23.5],[-64.96,-23.3],[-65.03,-23.28],[-65.01,-23.03],[-65.06,-22.99],[-65.17,-22.99],[-65.27,-22.85],[-65.29,-22.68],[-65.34,-22.6],[-65.34,-22.51],[-65.24,-22.33],[-65.23,-22.18],[-65.19,-22.1],[-65.61,-22.1],[-65.78,-22.11],[-65.95,-21.93],[-66.05,-21.92],[-66.06,-21.86],[-66.24,-21.79],[-66.29,-21.96],[-66.3,-22.07],[-66.38,-22.13],[-66.7,-22.2],[-66.76,-22.27],[-66.8,-22.43],[-66.94,-22.48],[-66.99,-22.53],[-67.04,-22.66],[-67.14,-22.74],[-67.19,-22.82]]]},"properties":{"nombre":"Jujuy","pais":"ARG"}},
{"type":"Feature","geometry":{"type":"Polygon","coordinates":[[[-57.6,-30.19],[-57.51,-30.28],[-57.33,-30.27],[-57.21,-30.29],[-57.08,-30.11],[-56.83,-30.1],[-56.64,-30.23],[-56.39,-30.48],[-56.23,-30.57],[-56.01,-30.8],[-56.02,-31.07],[-56.01,-31.08],[-55.86,-31.08],[-55.76,-31.01],[-55.61,-30.84],[-55.53,-30.89],[-55.35,-31.06],[-55.26,-31.23],[-55.09,-31.33],[-55.04,-31.27],[-54.85,-31.43],[-54.6,-31.46],[-54.48,-31.58],[-54.47,-31.66],[-54.15,-31.91],[-54.11,-31.88],[-53.93,-31.94],[-53.83,-32.04],[-53.76,-32.05],[-53.67,-32.23],[-53.65,-32.34],[-53.54,-32.47],[-53.42,-32.56],[-53.23,-32.62],[-53.11,-32.72],[-53.18,-32.8],[-53.3,-32.89],[-53.33,-32.97],[-53.45,-33.04],[-53.52,-33.12],[-53.54,-33.24],[-53.51,-33.4],[-53.54,-33.65],[-53.38,-33.74],[-53.27,-33.68],[-52.74,-33.25],[-52.62,-33.1],[-52.47,-32.8],[-52.38,-32.5],[-52.23,-32.25],[-52.13,-32.18],[-52.15,-32.06],[-52.25,-32.04],[-52.25,-31.98],[-52.18,-31.9],[-52.22,-31.84],[-52.22,-31.74],[-52.1,-31.69],[-51.98,-31.57],[-52,-31.41],[-51.93,-31.31],[-51.65,-31.24],[-51.62,-31.14],[-51.44,-31.08],[-51.49,-30.97],[-51.47,-30.9],[-51.37,-30.89],[-51.38,-30.64],[-51.32,-30.64],[-51.25,-30.46],[-51.19,-30.36],[-51.31,-30.2],[-51.25,-30.11],[-51.12,-30.26],[-51.06,-30.24],[-50.98,-30.39],[-50.9,-30.31],[-50.67,-30.29],[-50.64,-30.18],[-50.55,-30.25],[-50.54,-30.32],[-50.61,-30.48],[-50.69,-30.35],[-50.68,-30.64],[-50.69,-30.73],[-50.76,-30.82],[-50.82,-30.83],[-50.96,-30.92],[-50.99,-31.05],[-51.15,-31.07],[-51.18,-31.15],[-51.16,-31.29],[-51.24,-31.46],[-51.38,-31.53],[-51.44,-31.5],[-51.51,-31.62],[-51.67,-31.77],[-51.79,-31.79],[-51.84,-31.86],[-51.92,-31.87],[-52.05,-31.81],[-52.09,-31.86],[-52.01,-31.95],[-52.08,-32.17],[-51.89,-31.95],[-51.56,-31.78],[-51.15,-31.48],[-51.03,-31.38],[-50.88,-31.22],[-50.83,-31.14],[-50.72,-31.05],[-50.59,-30.85],[-50.32,-30.46],[-50.05,-29.82],[-49.81,-29.44],[-49.71,-29.32],[-49.86,-29.22],[-49.95,-29.19],[-50.17,-29.29],[-50.17,-29.2],[-50.09,-29.13],[-50,-29.1],[-49.95,-28.97],[-49.96,-28.83],[-49.91,-28.73],[-49.8,-28.62],[-49.7,-28.59],[-49.71,-28.53],[-49.82,-28.5],[-49.87,-28.45],[-50.08,-28.48],[-50.22,-28.45],[-50.54,-28.42],[-50.63,-28.37],[-50.73,-28.25],[-50.79,-28.13],[-50.87,-28.13],[-50.89,-28.02],[-51.01,-27.93],[-51.08,-27.82],[-51.23,-27.77],[-51.3,-27.67],[-51.44,-27.61],[-51.47,-27.56],[-51.69,-27.49],[-51.88,-27.52],[-52.02,-27.33],[-52.11,-27.33],[-52.27,-27.24],[-52.38,-27.28],[-52.57,-27.24],[-52.64,-27.26],[-52.83,-27.2],[-52.97,-27.21],[-53.03,-27.13],[-53.16,-27.18],[-53.37,-27.07],[-53.5,-27.19],[-53.84,-27.16],[-54.02,-27.21],[-54.09,-27.29],[-54.16,-27.28],[-54.27,-27.42],[-54.39,-27.41],[-54.53,-27.49],[-54.6,-27.46],[-54.68,-27.55],[-54.83,-27.55],[-54.9,-27.62],[-54.9,-27.7],[-55.03,-27.85],[-55.18,-27.85],[-55.31,-27.91],[-55.47,-28.09],[-55.62,-28.14],[-55.77,-28.23],[-55.68,-28.3],[-55.68,-28.39],[-55.81,-28.35],[-55.89,-28.36],[-55.9,-28.46],[-56.02,-28.51],[-56.02,-28.59],[-56.19,-28.74],[-56.3,-28.8],[-56.32,-28.92],[-56.39,-28.95],[-56.44,-29.08],[-56.51,-29.09],[-56.62,-29.16],[-56.69,-29.33],[-56.78,-29.39],[-56.82,-29.48],[-56.97,-29.6],[-56.98,-29.64],[-57.11,-29.77],[-57.26,-29.79],[-57.31,-29.85],[-57.32,-29.97],[-57.51,-30.14],[-57.61,-30.18],[-57.6,-30.19]]]},"properties":{"nombre":"Rio Grande do Sul","pais":"BRA"}},
{"type":"Feature","geometry":{"type":"Polygon","coordinates":[[[-57.8,-30.79],[-57.73,-30.75],[-57.56,-30.87],[-57.48,-30.88],[-57.07,-31.08],[-56.91,-31.04],[-56.8,-31.06],[-56.68,-31.04],[-56.49,-30.95],[-56.45,-30.89],[-56.18,-30.94],[-56.02,-31.07],[-56.01,-30.8],[-56.23,-30.57],[-56.39,-30.48],[-56.64,-30.23],[-56.83,-30.1],[-57.08,-30.11],[-57.21,-30.29],[-57.33,-30.27],[-57.51,-30.28],[-57.6,-30.19],[-57.64,-30.19],[-57.65,-30.33],[-57.85,-30.48],[-57.89,-30.59],[-57.81,-30.75],[-57.8,-30.79]]]},"properties":{"nombre":"Artigas","pais":"URY"}},
{"type":"Feature","geometry":{"type":"Polygon","coordinates":[[[-58.97,1.31],[-59.18,1.36],[-59.27,1.4],[-59.33,1.51],[-59.42,1.55],[-59.55,1.72],[-59.64,1.72],[-59.65,1.83],[-59.76,1.86],[-59.74,1.96],[-59.74,2.26],[-59.9,2.36],[-59.94,2.56],[-60,2.67],[-59.97,3.04],[-59.91,3.13],[-59.92,3.18],[-59.85,3.31],[-59.82,3.48],[-59.86,3.55],[-59.84,3.61],[-59.68,3.7],[-59.6,3.8],[-59.6,3.88],[-59.53,3.95],[-59.65,4.06],[-59.65,4.13],[-59.74,4.2],[-59.74,4.29],[-59.69,4.38],[-59.82,4.46],[-60.07,4.51],[-60.11,4.59],[-60.03,4.72],[-60.02,4.89],[-59.98,5.09],[-60.08,5.14],[-60.13,5.24],[-60.26,5.26],[-60.33,5.19],[-60.42,5.21],[-60.6,5.21],[-60.66,5.17],[-60.59,4.95],[-60.61,4.9],[-60.76,4.75],[-60.9,4.7],[-60.94,4.59],[-61.01,4.52],[-61.19,4.49],[-61.32,4.52],[-61.33,4.42],[-61.46,4.42],[-61.52,4.38],[-61.55,4.25],[-61.76,4.25],[-61.89,4.15],[-62.03,4.16],[-62.19,4.09],[-62.38,4.17],[-62.47,4.17],[-62.55,4.11],[-62.59,4.03],[-62.77,4.02],[-62.79,3.9],[-62.74,3.7],[-62.79,3.6],[-62.87,3.56],[-62.98,3.58],[-63.02,3.64],[-63.19,3.81],[-63.25,3.89],[-63.35,3.96],[-63.42,3.97],[-63.51,3.85],[-63.62,3.94],[-63.75,3.93],[-63.88,3.95],[-64,3.88],[-64.08,3.95],[-64.12,4.09],[-64.24,4.14],[-64.36,4.15],[-64.59,4.12],[-64.66,4.23],[-64.75,4.29],[-64.81,4.27],[-64.8,4.19],[-64.74,4.16],[-64.64,3.97],[-64.53,3.85],[-64.32,3.72],[-64.2,3.6],[-64.2,3.5],[-64.25,3.42],[-64.22,3.29],[-64.22,3.12],[-64.11,2.95],[-64,2.73],[-64.01,2.6],[-64.05,2.47],[-63.83,2.43],[-63.7,2.44],[-63.38,2.42],[-63.39,2.24],[-63.3,2.16],[-63.15,2.18],[-63.05,2.04],[-62.85,2.02],[-62.72,1.96],[-62.69,1.9],[-62.73,1.84],[-62.71,1.74],[-62.79,1.6],[-62.7,1.47],[-62.62,1.42],[-62.62,1.36],[-62.52,1.08],[-62.51,0.96],[-62.46,0.85],[-62.46,0.78],[-62.55,0.71],[-62.48,0.51],[-62.54,0.42],[-62.53,0.31],[-62.57,0.18],[-62.53,0.12],[-62.59,0.01],[-62.51,-0.12],[-62.49,-0.21],[-62.38,-0.31],[-62.38,-0.46],[-62.32,-0.52],[-62.3,-0.61],[-62.38,-0.72],[-62.5,-0.69],[-62.51,-0.77],[-62.41,-0.84],[-62.32,-0.94],[-62.24,-0.98],[-62.04,-1.14],[-61.94,-1.25],[-61.88,-1.37],[-61.75,-1.36],[-61.71,-1.4],[-61.6,-1.4],[-61.62,-1.27],[-61.59,-1.21],[-61.56,-1.02],[-61.58,-0.89],[-61.53,-0.72],[-61.46,-0.64],[-61.26,-0.56],[-61.22,-0.49],[-61.11,-0.49],[-61.06,-0.53],[-60.92,-0.56],[-60.76,-0.78],[-60.76,-0.84],[-60.63,-0.86],[-60.52,-0.83],[-60.47,-0.74],[-60.31,-0.69],[-60.31,-0.63],[-60.39,-0.54],[-60.39,-0.46],[-60.31,-0.29],[-60.31,-0.23],[-60.25,-0.15],[-60.23,-0.06],[-60.17,0.01],[-60.13,0.13],[-60.02,0.22],[-59.77,0.23],[-58.87,0.23],[-58.97,1.31]]]},"properties":{"nombre":"Roraima","pais":"BRA"}},
{"type":"Feature","geometry":{"type":"MultiPolygon","coordinates":[[[[-58.87,0.23],[-58.85,-0.08],[-58.86,-0.32],[-58.83,-0.39],[-58.73,-0.45],[-58.74,-0.65],[-58.63,-0.77],[-58.55,-0.77],[-58.46,-0.83],[-58.41,-0.95],[-58.41,-1.03],[-58.32,-1.12],[-58.25,-1.13],[-58.16,-1.24],[-57.83,-1.44],[-57.66,-1.59],[-57.56,-1.62],[-57.35,-1.73],[-57.25,-1.72],[-57.1,-1.8],[-57.01,-1.94],[-56.82,-2.04],[-56.74,-2.05],[-56.76,-2.17],[-56.62,-2.22],[-56.49,-2.16],[-56.48,-2.26],[-56.39,-2.27],[-56.39,-2.39],[-56.76,-3.19],[-58.29,-6.5],[-58.47,-6.7],[-58.47,-6.78],[-58.38,-6.97],[-58.23,-7.09],[-58.13,-7.34],[-57.98,-7.53],[-57.95,-7.62],[-57.89,-7.69],[-57.88,-7.77],[-57.8,-8.02],[-57.73,-8.09],[-57.64,-8.23],[-57.67,-8.32],[-57.68,-8.46],[-57.65,-8.59],[-57.58,-8.76],[-57.48,-8.79],[-57.3,-8.96],[-57.1,-9.05],[-57.05,-9.23],[-56.85,-9.26],[-56.8,-9.38],[-56.58,-9.41],[-56.46,-9.47],[-55.09,-9.56],[-51.3,-9.79],[-51.17,-9.8],[-50.24,-9.84],[-50.11,-9.59],[-50.06,-9.33],[-49.99,-9.23],[-49.83,-9.05],[-49.76,-8.92],[-49.62,-8.86],[-49.5,-8.71],[-49.48,-8.62],[-49.4,-8.47],[-49.3,-8.35],[-49.2,-8.06],[-49.16,-7.81],[-49.35,-7.68],[-49.38,-7.64],[-49.38,-7.5],[-49.22,-7.31],[-49.19,-7.25],[-49.19,-7.08],[-49.22,-6.96],[-49.2,-6.9],[-49.01,-6.78],[-48.68,-6.66],[-48.67,-6.54],[-48.53,-6.37],[-48.46,-6.34],[-48.42,-6.25],[-48.41,-6.14],[-48.28,-6.1],[-48.32,-5.96],[-48.22,-5.91],[-48.29,-5.83],[-48.3,-5.75],[-48.2,-5.71],[-48.14,-5.65],[-48.21,-5.54],[-48.3,-5.52],[-48.37,-5.4],[-48.56,-5.41],[-48.72,-5.36],[-48.73,-5.34],[-48.25,-4.95],[-47.8,-4.6],[-47.65,-4.61],[-47.58,-4.55],[-47.46,-4.37],[-47.37,-4.27],[-47.32,-4.08],[-47.2,-4],[-47.08,-3.88],[-47.03,-3.57],[-46.95,-3.49],[-46.95,-3.4],[-46.87,-3.33],[-46.82,-3.33],[-46.72,-3.14],[-46.64,-3.01],[-46.65,-2.89],[-46.59,-2.85],[-46.67,-2.74],[-46.62,-2.68],[-46.51,-2.62],[-46.43,-2.53],[-46.45,-2.36],[-46.41,-2.24],[-46.3,-2.18],[-46.21,-1.93],[-46.21,-1.82],[-46.3,-1.8],[-46.32,-1.74],[-46.2,-1.69],[-46.2,-1.48],[-46.16,-1.39],[-46.15,-1.25],[-46.09,-1.21],[-46.13,-1.16],[-46.22,-1.14],[-46.22,-1],[-46.41,-1.04],[-46.48,-1.01],[-46.48,-0.92],[-46.79,-0.81],[-46.99,-0.76],[-47.04,-0.79],[-47.12,-0.74],[-47.25,-0.7],[-47.28,-0.6],[-47.41,-0.66],[-47.49,-0.71],[-47.54,-0.61],[-47.6,-0.68],[-47.72,-0.72],[-47.73,-0.64],[-47.81,-0.57],[-47.82,-0.68],[-47.95,-0.74],[-48.04,-0.66],[-48.15,-0.78],[-48.14,-0.9],[-48.21,-1.04],[-48.29,-1.04],[-48.28,-1.15],[-48.34,-1.32],[-48.48,-1.28],[-48.5,-1.41],[-48.49,-1.62],[-48.66,-1.38],[-48.81,-1.62],[-48.97,-1.6],[-49.01,-1.68],[-49.12,-1.77],[-49.16,-1.88],[-49.23,-1.95],[-49.3,-2.09],[-49.33,-2.21],[-49.43,-2.37],[-49.43,-2.45],[-49.52,-2.62],[-49.62,-2.62],[-49.54,-2.5],[-49.55,-2.4],[-49.5,-2.25],[-49.43,-2.14],[-49.43,-2.05],[-49.39,-2.01],[-49.38,-1.9],[-49.46,-1.84],[-49.42,-1.78],[-49.47,-1.76],[-49.6,-1.84],[-49.65,-1.92],[-49.87,-1.89],[-50,-1.82],[-50.14,-1.86],[-50.18,-1.9],[-50.28,-1.89],[-50.37,-1.97],[-50.46,-1.94],[-50.55,-1.91],[-50.61,-1.81],[-50.66,-1.8],[-50.69,-1.61],[-50.77,-1.54],[-50.82,-1.43],[-50.83,-1.21],[-50.91,-1.13],[-50.82,-1.03],[-50.83,-0.92],[-51,-0.92],[-51.03,-1.04],[-51.16,-1.1],[-51.28,-1.23],[-51.4,-1.25],[-51.48,-1.34],[-51.67,-1.4],[-51.91,-1.57],[-52.01,-1.61],[-52.14,-1.62],[-52.2,-1.67],[-52.26,-1.52],[-52.42,-1.57],[-52.59,-1.57],[-52.56,-1.52],[-52.4,-1.42],[-52.33,-1.41],[-52.25,-1.35],[-52.07,-1.41],[-51.99,-1.4],[-51.92,-1.33],[-51.91,-1.16],[-51.98,-1.14],[-52.05,-1.17],[-52.24,-1.15],[-52.37,-1.06],[-52.41,-0.86],[-52.52,-0.88],[-52.51,-0.73],[-52.55,-0.62],[-52.62,-0.6],[-52.63,-0.39],[-52.79,-0.22],[-52.92,-0.18],[-52.97,-0.02],[-53.02,0.06],[-53.01,0.16],[-53.04,0.25],[-53.13,0.39],[-53.14,0.54],[-53.11,0.68],[-53.13,0.75],[-53.3,0.8],[-53.4,0.92],[-53.47,1.16],[-53.41,1.18],[-53.43,1.26],[-53.54,1.29],[-53.66,1.42],[-53.86,1.39],[-53.99,1.52],[-54.09,1.51],[-54.11,1.6],[-54.36,1.76],[-54.5,1.75],[-54.58,1.78],[-54.69,1.76],[-54.75,1.79],[-54.77,1.9],[-54.75,2.08],[-54.79,2.13],[-54.73,2.24],[-54.73,2.42],[-54.77,2.46],[-54.84,2.43],[-54.98,2.54],[-55.17,2.56],[-55.25,2.5],[-55.32,2.52],[-55.37,2.44],[-55.61,2.43],[-55.72,2.4],[-55.98,2.53],[-56.04,2.35],[-56.1,2.35],[-56.14,2.27],[-55.91,2.04],[-55.92,1.89],[-56.02,1.83],[-56.35,1.93],[-56.48,1.94],[-56.56,1.91],[-56.64,1.94],[-56.79,1.87],[-56.92,1.92],[-57.04,1.93],[-57.1,2.02],[-57.24,1.95],[-57.3,1.98],[-57.43,1.9],[-57.53,1.73],[-57.64,1.7],[-57.79,1.71],[-57.94,1.64],[-58.03,1.52],[-58.15,1.52],[-58.19,1.57],[-58.3,1.57],[-58.39,1.53],[-58.41,1.47],[-58.5,1.46],[-58.48,1.33],[-58.52,1.27],[-58.7,1.28],[-58.77,1.2],[-58.85,1.19],[-58.97,1.31],[-58.87,0.23]]],[[[-49.42,-1.78],[-49.45,-1.84],[-49.38,-1.89],[-49.28,-1.77],[-49.34,-1.71],[-49.42,-1.78]]],[[[-48.34,-1.07],[-48.42,-1.08],[-48.46,-1.14],[-48.38,-1.22],[-48.3,-1.13],[-48.34,-1.07]]],[[[-48.2,-0.82],[-48.26,-0.86],[-48.32,-0.97],[-48.24,-1.03],[-48.16,-0.92],[-48.2,-0.82]]],[[[-50.82,-0.62],[-50.84,-0.56],[-51.07,-0.68],[-51.11,-0.81],[-50.98,-0.77],[-50.91,-0.72],[-50.84,-0.72],[-50.82,-0.62]]],[[[-47.66,-0.58],[-47.76,-0.57],[-47.73,-0.64],[-47.7,-0.71],[-47.64,-0.69],[-47.66,-0.58]]],[[[-51.19,-0.61],[-51.25,-0.53],[-51.37,-0.53],[-51.51,-0.61],[-51.69,-0.88],[-51.68,-1.1],[-51.78,-1.15],[-51.89,-1.27],[-51.94,-1.39],[-51.89,-1.48],[-51.74,-1.42],[-51.67,-1.35],[-51.56,-1.29],[-51.44,-1.19],[-51.33,-1.01],[-51.27,-1.02],[-51.22,-0.8],[-51.15,-0.66],[-51.19,-0.61]]],[[[-51.16,-0.14],[-51.23,-0.17],[-51.33,-0.37],[-51.28,-0.4],[-51.17,-0.31],[-51.14,-0.18],[-51.16,-0.14]]],[[[-48.98,-1.37],[-48.94,-1.3],[-48.83,-1.42],[-48.79,-1.28],[-48.84,-1.21],[-48.64,-1.08],[-48.63,-0.97],[-48.52,-0.85],[-48.54,-0.8],[-48.46,-0.58],[-48.42,-0.41],[-48.37,-0.37],[-48.38,-0.28],[-48.6,-0.23],[-48.7,-0.24],[-48.86,-0.21],[-48.89,-0.15],[-48.99,-0.17],[-49.09,-0.15],[-49.33,-0.15],[-49.42,-0.23],[-49.65,-0.24],[-50.1,-0.13],[-50.35,-0.1],[-50.41,-0.16],[-50.47,-0.15],[-50.58,-0.19],[-50.66,-0.26],[-50.79,-0.7],[-50.75,-0.81],[-50.8,-0.91],[-50.78,-1.19],[-50.81,-1.31],[-50.8,-1.45],[-50.59,-1.69],[-50.61,-1.76],[-50.56,-1.8],[-50.35,-1.83],[-50.34,-1.78],[-50.27,-1.73],[-50.16,-1.78],[-50.05,-1.7],[-50,-1.75],[-49.92,-1.76],[-49.82,-1.82],[-49.71,-1.75],[-49.65,-1.76],[-49.54,-1.7],[-49.56,-1.65],[-49.5,-1.59],[-49.44,-1.64],[-49.39,-1.5],[-49.39,-1.54],[-49.29,-1.62],[-49.22,-1.62],[-49.15,-1.4],[-49.07,-1.53],[-48.96,-1.51],[-48.84,-1.44],[-48.98,-1.37]]],[[[-50.97,-0.29],[-50.92,-0.33],[-50.63,-0.1],[-50.64,-0.04],[-50.77,0.05],[-50.95,-0.01],[-51.03,-0.17],[-51.04,-0.24],[-50.97,-0.29]]],[[[-49.83,-0.1],[-49.72,-0.15],[-49.44,-0.12],[-49.36,-0.06],[-49.37,0.03],[-49.44,0.08],[-49.63,0.06],[-49.74,0],[-49.83,-0.1]]],[[[-50.63,0.07],[-50.57,0],[-50.5,-0.02],[-50.43,0.02],[-50.44,0.11],[-50.49,0.16],[-50.64,0.17],[-50.63,0.07]]],[[[-50.04,0.3],[-50.11,0.22],[-50.23,0.23],[-50.38,0.21],[-50.38,0.11],[-50.3,0.01],[-50.13,0.04],[-50.01,-0.05],[-49.83,0.01],[-49.79,0.09],[-49.69,0.2],[-49.53,0.3],[-49.56,0.39],[-49.65,0.39],[-49.92,0.29],[-50.04,0.3]]],[[[-50.38,0.24],[-50.32,0.29],[-50.35,0.39],[-50.35,0.57],[-50.43,0.55],[-50.44,0.4],[-50.47,0.27],[-50.52,0.21],[-50.43,0.17],[-50.38,0.24]]],[[[-50.31,0.41],[-50.28,0.36],[-50.17,0.41],[-50.04,0.51],[-50.03,0.59],[-50.07,0.65],[-50.17,0.59],[-50.24,0.59],[-50.3,0.53],[-50.31,0.41]]]]},"properties":{"nombre":"Pará","pais":"BRA"}},
{"type":"Feature","geometry":{"type":"Polygon","coordinates":[[[-69.58,-10.95],[-69.4,-10.94],[-69.07,-10.97],[-68.88,-11.02],[-68.81,-10.99],[-68.76,-11.14],[-68.59,-11.1],[-68.54,-11.06],[-68.29,-10.98],[-68.11,-10.71],[-68.03,-10.66],[-67.83,-10.66],[-67.72,-10.71],[-67.69,-10.61],[-67.58,-10.5],[-67.45,-10.44],[-67.42,-10.38],[-67.26,-10.31],[-67.2,-10.33],[-67.06,-10.26],[-66.9,-10.09],[-66.65,-9.92],[-66.83,-9.84],[-69.81,-8.46],[-70.37,-8.16],[-72.66,-7.59],[-73.79,-7.12],[-73.81,-7.12],[-73.73,-7.22],[-73.72,-7.33],[-73.88,-7.37],[-73.98,-7.36],[-73.94,-7.45],[-73.97,-7.58],[-73.84,-7.72],[-73.71,-7.79],[-73.71,-7.87],[-73.8,-7.89],[-73.75,-7.98],[-73.67,-8.01],[-73.61,-8.11],[-73.61,-8.19],[-73.53,-8.37],[-73.35,-8.5],[-73.35,-8.6],[-73.27,-8.68],[-73.17,-8.72],[-73.07,-8.89],[-72.97,-9],[-72.96,-9.12],[-73.09,-9.24],[-73.22,-9.41],[-72.81,-9.41],[-72.64,-9.44],[-72.55,-9.48],[-72.43,-9.48],[-72.31,-9.53],[-72.26,-9.67],[-72.27,-9.76],[-72.19,-9.81],[-72.16,-9.9],[-72.2,-10.01],[-71.39,-10.01],[-71.2,-9.94],[-71.14,-9.86],[-71.02,-9.82],[-70.88,-9.66],[-70.68,-9.53],[-70.61,-9.45],[-70.54,-9.49],[-70.62,-9.56],[-70.54,-9.73],[-70.64,-9.85],[-70.64,-10.55],[-70.64,-11.01],[-70.53,-10.94],[-70.44,-11.04],[-70.34,-11.07],[-70.2,-11.04],[-69.96,-10.92],[-69.79,-10.93],[-69.75,-10.96],[-69.58,-10.95]]]},"properties":{"nombre":"Acre","pais":"BRA"}},
{"type":"Feature","geometry":{"type":"MultiPolygon","coordinates":[[[[-51.91,-1.16],[-51.83,-1.14],[-51.71,-1.02],[-51.72,-0.88],[-51.7,-0.75],[-51.63,-0.68],[-51.55,-0.55],[-51.56,-0.53],[-51.45,-0.49],[-51.45,-0.44],[-51.36,-0.33],[-51.32,-0.21],[-51.25,-0.13],[-51.27,-0.08],[-51.07,-0.02],[-50.98,0.12],[-50.79,0.17],[-50.61,0.37],[-50.5,0.56],[-50.47,0.65],[-50.35,0.74],[-50.25,0.88],[-50.14,0.94],[-50.06,1.02],[-49.91,1.13],[-49.92,1.22],[-49.87,1.39],[-49.92,1.69],[-50,1.75],[-50.16,1.82],[-50.35,1.8],[-50.47,1.81],[-50.66,2.13],[-50.72,2.26],[-50.76,2.44],[-50.84,2.59],[-50.85,2.67],[-50.94,2.88],[-50.99,2.96],[-51.04,3.15],[-51.04,3.23],[-51.09,3.38],[-51.08,3.49],[-51.09,3.73],[-51.08,3.88],[-51.18,4.03],[-51.22,4.17],[-51.39,4.36],[-51.49,4.43],[-51.55,4.42],[-51.55,4.21],[-51.63,4.07],[-51.76,4],[-51.82,3.89],[-51.99,3.71],[-52,3.64],[-52.23,3.26],[-52.3,3.23],[-52.36,3.11],[-52.35,3.06],[-52.42,2.94],[-52.54,2.66],[-52.59,2.5],[-52.69,2.37],[-52.88,2.26],[-52.98,2.17],[-53.23,2.25],[-53.33,2.35],[-53.47,2.25],[-53.63,2.27],[-53.77,2.37],[-53.96,2.21],[-54.07,2.19],[-54.11,2.11],[-54.19,2.16],[-54.34,2.16],[-54.37,2.2],[-54.48,2.21],[-54.62,2.33],[-54.69,2.32],[-54.72,2.38],[-54.7,2.45],[-54.77,2.46],[-54.73,2.42],[-54.73,2.24],[-54.79,2.13],[-54.75,2.08],[-54.77,1.9],[-54.75,1.79],[-54.69,1.76],[-54.58,1.78],[-54.5,1.75],[-54.36,1.76],[-54.11,1.6],[-54.09,1.51],[-53.99,1.52],[-53.86,1.39],[-53.66,1.42],[-53.54,1.29],[-53.43,1.26],[-53.41,1.18],[-53.47,1.16],[-53.4,0.92],[-53.3,0.8],[-53.13,0.75],[-53.11,0.68],[-53.14,0.54],[-53.13,0.39],[-53.04,0.25],[-53.01,0.16],[-53.02,0.06],[-52.97,-0.02],[-52.92,-0.18],[-52.79,-0.22],[-52.63,-0.39],[-52.62,-0.6],[-52.55,-0.62],[-52.51,-0.73],[-52.52,-0.88],[-52.41,-0.86],[-52.37,-1.06],[-52.24,-1.15],[-52.05,-1.17],[-51.98,-1.14],[-51.91,-1.16]]],[[[-50.2,0.75],[-50.11,0.75],[-50.02,0.87],[-50.11,0.92],[-50.23,0.86],[-50.28,0.77],[-50.2,0.75]]],[[[-50.45,2.11],[-50.5,2.1],[-50.52,2],[-50.46,1.88],[-50.42,1.86],[-50.31,1.95],[-50.39,2.1],[-50.45,2.11]]]]},"properties":{"nombre":"Amapá","pais":"BRA"}},
{"type":"Feature","geometry":{"type":"Polygon","coordinates":[[[-65.19,-22.1],[-65.02,-22.1],[-64.83,-22.14],[-64.59,-22.21],[-64.54,-22.27],[-64.57,-22.34],[-64.53,-22.43],[-64.43,-22.54],[-64.46,-22.63],[-64.3,-22.78],[-64.24,-22.52],[-64.16,-22.44],[-64.09,-22.26],[-64.05,-22.23],[-64,-22.1],[-63.93,-22],[-63.81,-22],[-63.74,-22.05],[-63.68,-22],[-62.8,-22],[-62.77,-22.14],[-62.65,-22.23],[-62.41,-21.5],[-62.28,-21.07],[-62.27,-21],[-63.98,-21],[-64.07,-20.91],[-64.19,-20.92],[-64.2,-21.12],[-64.36,-21.14],[-64.43,-21.09],[-64.55,-21.08],[-64.64,-20.94],[-64.71,-20.93],[-64.77,-21.07],[-64.83,-21.1],[-64.92,-21.02],[-65.03,-21],[-65.08,-20.95],[-65.17,-20.97],[-65.23,-21.54],[-65.33,-21.8],[-65.21,-21.95],[-65.19,-22.1]]]},"properties":{"nombre":"Tarija","pais":"BOL"}},
{"type":"Feature","geometry":{"type":"Polygon","coordinates":[[[-62.34,-22.47],[-62.28,-22.49],[-62.19,-22.64],[-62.18,-22.71],[-62.05,-22.86],[-61.96,-23.03],[-61.84,-23.1],[-61.68,-23.28],[-61.62,-23.28],[-61.47,-23.41],[-61.3,-23.48],[-61.27,-23.52],[-61.11,-23.61],[-61.12,-23.67],[-61.02,-23.8],[-60.79,-23.87],[-60.79,-23.73],[-60.72,-23.63],[-60.55,-23.59],[-60.23,-23.57],[-60.06,-23.5],[-60.05,-23.37],[-59.97,-23.2],[-59.95,-23.06],[-59.95,-22.83],[-59.74,-22.53],[-59.74,-22.44],[-59.63,-22.42],[-59.62,-22.32],[-59.48,-22.23],[-59.41,-22.26],[-59.32,-22.21],[-59.34,-22.08],[-59.39,-22.05],[-59.78,-22.03],[-59.94,-22.04],[-59.96,-21.91],[-59.85,-21.47],[-59.71,-21.37],[-59.7,-21.32],[-59.74,-21.07],[-59.83,-20.93],[-59.83,-20.85],[-59.88,-20.78],[-59.85,-20.7],[-59.95,-20.65],[-61.82,-20.13],[-61.92,-20.07],[-62.21,-20.47],[-62.27,-20.55],[-62.27,-21],[-62.28,-21.07],[-62.41,-21.5],[-62.65,-22.23],[-62.44,-22.42],[-62.34,-22.47]]]},"properties":{"nombre":"Boquerón","pais":"PRY"}},
{"type":"Feature","geometry":{"type":"Polygon","coordinates":[[[-62.34,-24.12],[-62.12,-24.2],[-62.02,-24.22],[-61.9,-24.32],[-61.78,-24.34],[-61.7,-24.39],[-61.66,-24.48],[-61.57,-24.51],[-61.45,-24.62],[-61.22,-24.66],[-61.03,-24.9],[-60.9,-25.01],[-60.64,-25.17],[-60.51,-25.2],[-60.44,-25.31],[-60.36,-25.36],[-60.34,-25.43],[-60.24,-25.49],[-60.19,-25.66],[-60.03,-25.7],[-59.86,-25.86],[-59.77,-25.92],[-59.7,-26.01],[-59.67,-26.12],[-59.41,-26.19],[-59.35,-26.34],[-59.27,-26.35],[-59.15,-26.3],[-59.09,-26.35],[-58.93,-26.42],[-58.58,-26.69],[-58.43,-26.85],[-58.35,-26.89],[-58.35,-26.83],[-58.25,-26.76],[-58.24,-26.65],[-58.18,-26.57],[-58.22,-26.53],[-58.21,-26.4],[-58.12,-26.25],[-58.09,-26.13],[-58.02,-26.11],[-57.87,-26.01],[-57.88,-25.88],[-57.82,-25.85],[-57.81,-25.77],[-57.72,-25.65],[-57.68,-25.65],[-57.57,-25.55],[-57.56,-25.43],[-57.6,-25.4],[-57.67,-25.29],[-57.75,-25.18],[-57.89,-25.08],[-57.97,-25.08],[-58.22,-24.94],[-58.32,-25],[-58.47,-24.85],[-58.81,-24.78],[-59,-24.64],[-59.29,-24.52],[-59.53,-24.31],[-60.03,-24.01],[-60.22,-24.03],[-60.57,-23.95],[-60.63,-23.89],[-60.79,-23.87],[-61.02,-23.8],[-61.12,-23.67],[-61.11,-23.61],[-61.27,-23.52],[-61.3,-23.48],[-61.47,-23.41],[-61.62,-23.28],[-61.68,-23.28],[-61.84,-23.1],[-61.96,-23.03],[-62.05,-22.86],[-62.18,-22.71],[-62.19,-22.64],[-62.28,-22.49],[-62.34,-22.47],[-62.34,-23.56],[-62.34,-24.12]]]},"properties":{"nombre":"Formosa","pais":"ARG"}},
{"type":"Feature","geometry":{"type":"Polygon","coordinates":[[[-60.79,-23.87],[-60.63,-23.89],[-60.57,-23.95],[-60.22,-24.03],[-60.03,-24.01],[-59.53,-24.31],[-59.29,-24.52],[-59,-24.64],[-58.81,-24.78],[-58.47,-24.85],[-58.32,-25],[-58.22,-24.94],[-57.97,-25.08],[-57.89,-25.08],[-57.75,-25.18],[-57.67,-25.29],[-57.58,-25.23],[-57.52,-25.11],[-57.45,-25.11],[-57.34,-25.07],[-57.28,-24.98],[-57.21,-24.99],[-57.25,-24.89],[-57.09,-24.68],[-57.15,-24.58],[-57.17,-24.29],[-57.22,-24.23],[-57.18,-24.1],[-57.34,-23.91],[-57.29,-23.86],[-57.27,-23.74],[-57.43,-23.62],[-57.45,-23.47],[-57.5,-23.36],[-57.48,-23.27],[-57.61,-23.18],[-57.63,-23.11],[-57.71,-23.09],[-57.79,-23.02],[-57.82,-22.81],[-57.94,-22.72],[-57.9,-22.66],[-57.81,-22.67],[-57.85,-22.42],[-58.19,-22.28],[-58.26,-22.2],[-58.73,-22.17],[-59.19,-22.16],[-59.34,-22.08],[-59.32,-22.21],[-59.41,-22.26],[-59.48,-22.23],[-59.62,-22.32],[-59.63,-22.42],[-59.74,-22.44],[-59.74,-22.53],[-59.95,-22.83],[-59.95,-23.06],[-59.97,-23.2],[-60.05,-23.37],[-60.06,-23.5],[-60.23,-23.57],[-60.55,-23.59],[-60.72,-23.63],[-60.79,-23.73],[-60.79,-23.87]]]},"properties":{"nombre":"Presidente Hayes","pais":"PRY"}},
{"type":"Feature","geometry":{"type":"Polygon","coordinates":[[[-57.82,-25.85],[-57.7,-25.81],[-57.55,-25.92],[-57.5,-26.01],[-57.4,-25.88],[-57.43,-25.79],[-57.4,-25.68],[-57.35,-25.64],[-57.24,-25.48],[-57.16,-25.43],[-57.26,-25.38],[-57.31,-25.27],[-57.45,-25.11],[-57.52,-25.11],[-57.58,-25.23],[-57.54,-25.28],[-57.6,-25.4],[-57.56,-25.43],[-57.57,-25.55],[-57.68,-25.65],[-57.72,-25.65],[-57.81,-25.77],[-57.82,-25.85]]]},"properties":{"nombre":"Central","pais":"PRY"}},
{"type":"Feature","geometry":{"type":"Polygon","coordinates":[[[-57.6,-25.4],[-57.54,-25.28],[-57.58,-25.23],[-57.67,-25.29],[-57.6,-25.4]]]},"properties":{"nombre":"Asunción","pais":"PRY"}},
{"type":"Feature","geometry":{"type":"Polygon","coordinates":[[[-54.6,-25.57],[-54.61,-25.43],[-54.5,-25.28],[-54.43,-25.13],[-54.46,-25.04],[-54.41,-24.82],[-54.36,-24.73],[-54.63,-24.69],[-54.66,-24.64],[-54.88,-24.63],[-54.88,-24.58],[-54.99,-24.54],[-55.08,-24.55],[-55.12,-24.47],[-55.23,-24.5],[-55.29,-24.58],[-55.3,-24.73],[-55.33,-24.76],[-55.33,-24.97],[-55.26,-25.04],[-55.19,-25.05],[-55.02,-25.18],[-54.97,-25.25],[-55.04,-25.29],[-55.14,-25.28],[-55.23,-25.23],[-55.49,-25.56],[-55.4,-25.62],[-55.53,-25.85],[-55.51,-25.97],[-55.44,-26.01],[-55.3,-25.99],[-55.29,-26.08],[-55.24,-26.2],[-55.12,-26.2],[-55.04,-26.23],[-54.92,-26.16],[-54.79,-26.17],[-54.67,-26.24],[-54.66,-26.24],[-54.64,-26.06],[-54.66,-25.97],[-54.59,-25.83],[-54.64,-25.66],[-54.6,-25.57]]]},"properties":{"nombre":"Alto Paraná","pais":"PRY"}},
{"type":"Feature","geometry":{"type":"Polygon","coordinates":[[[-53.84,-27.16],[-53.71,-26.91],[-53.74,-26.68],[-53.74,-26.52],[-53.71,-26.5],[-53.72,-26.35],[-53.66,-26.26],[-53.75,-26.06],[-53.83,-25.97],[-53.84,-25.79],[-53.91,-25.63],[-53.98,-25.59],[-54.22,-25.53],[-54.4,-25.58],[-54.44,-25.64],[-54.6,-25.57],[-54.64,-25.66],[-54.59,-25.83],[-54.66,-25.97],[-54.64,-26.06],[-54.66,-26.24],[-54.67,-26.24],[-54.69,-26.41],[-54.79,-26.53],[-54.78,-26.62],[-54.82,-26.67],[-54.92,-26.67],[-54.99,-26.8],[-55.06,-26.8],[-55.13,-26.86],[-55.16,-26.96],[-55.26,-26.93],[-55.43,-27],[-55.46,-27.1],[-55.53,-27.1],[-55.6,-27.17],[-55.57,-27.26],[-55.61,-27.35],[-55.76,-27.44],[-55.84,-27.41],[-55.91,-27.33],[-55.97,-27.33],[-56.02,-27.45],[-55.87,-27.72],[-55.84,-27.91],[-55.74,-28.07],[-55.62,-28.14],[-55.47,-28.09],[-55.31,-27.91],[-55.18,-27.85],[-55.03,-27.85],[-54.9,-27.7],[-54.9,-27.62],[-54.83,-27.55],[-54.68,-27.55],[-54.6,-27.46],[-54.53,-27.49],[-54.39,-27.41],[-54.27,-27.42],[-54.16,-27.28],[-54.09,-27.29],[-54.02,-27.21],[-53.84,-27.16]]]},"properties":{"nombre":"Misiones","pais":"ARG"}},
{"type":"Feature","geometry":{"type":"Polygon","coordinates":[[[-55.29,-26.08],[-55.38,-26.23],[-55.48,-26.3],[-55.64,-26.32],[-55.74,-26.36],[-55.87,-26.47],[-56,-26.51],[-56.09,-26.66],[-56.21,-26.69],[-56.41,-26.78],[-56.57,-26.72],[-56.53,-27.09],[-56.66,-27.19],[-56.69,-27.29],[-56.64,-27.34],[-56.64,-27.45],[-56.55,-27.45],[-56.4,-27.59],[-56.28,-27.46],[-56.28,-27.39],[-56.17,-27.32],[-56.07,-27.3],[-55.97,-27.33],[-55.91,-27.33],[-55.84,-27.41],[-55.76,-27.44],[-55.61,-27.35],[-55.57,-27.26],[-55.6,-27.17],[-55.53,-27.1],[-55.46,-27.1],[-55.43,-27],[-55.26,-26.93],[-55.16,-26.96],[-55.13,-26.86],[-55.06,-26.8],[-54.99,-26.8],[-54.92,-26.67],[-54.82,-26.67],[-54.78,-26.62],[-54.79,-26.53],[-54.69,-26.41],[-54.67,-26.24],[-54.79,-26.17],[-54.92,-26.16],[-55.04,-26.23],[-55.12,-26.2],[-55.24,-26.2],[-55.29,-26.08]]]},"properties":{"nombre":"Itapúa","pais":"PRY"}},
{"type":"Feature","geometry":{"type":"Polygon","coordinates":[[[-58.35,-26.89],[-58.48,-26.94],[-58.55,-27.04],[-58.56,-27.12],[-58.66,-27.18],[-58.6,-27.25],[-58.6,-27.32],[-58.51,-27.28],[-58.24,-27.26],[-58.05,-27.26],[-57.7,-27.33],[-57.54,-27.41],[-57.39,-27.4],[-57.31,-27.43],[-57.2,-27.13],[-57.23,-27.07],[-57.41,-27.05],[-57.62,-26.82],[-57.7,-26.41],[-57.61,-26.29],[-57.48,-26.17],[-57.5,-26.01],[-57.55,-25.92],[-57.7,-25.81],[-57.82,-25.85],[-57.88,-25.88],[-57.87,-26.01],[-58.02,-26.11],[-58.09,-26.13],[-58.12,-26.25],[-58.21,-26.4],[-58.22,-26.53],[-58.18,-26.57],[-58.24,-26.65],[-58.25,-26.76],[-58.35,-26.83],[-58.35,-26.89]]]},"properties":{"nombre":"Ñeembucú","pais":"PRY"}},
{"type":"Feature","geometry":{"type":"Polygon","coordinates":[[[-63.4,-25.66],[-61.75,-25.66],[-61.72,-25.74],[-61.71,-26.15],[-61.71,-26.79],[-61.71,-28],[-60.74,-28],[-59.6,-28],[-58.87,-28],[-58.81,-27.75],[-58.83,-27.64],[-58.88,-27.57],[-58.88,-27.48],[-58.66,-27.33],[-58.6,-27.32],[-58.6,-27.25],[-58.66,-27.18],[-58.56,-27.12],[-58.55,-27.04],[-58.48,-26.94],[-58.35,-26.89],[-58.43,-26.85],[-58.58,-26.69],[-58.93,-26.42],[-59.09,-26.35],[-59.15,-26.3],[-59.27,-26.35],[-59.35,-26.34],[-59.41,-26.19],[-59.67,-26.12],[-59.7,-26.01],[-59.77,-25.92],[-59.86,-25.86],[-60.03,-25.7],[-60.19,-25.66],[-60.24,-25.49],[-60.34,-25.43],[-60.36,-25.36],[-60.44,-25.31],[-60.51,-25.2],[-60.64,-25.17],[-60.9,-25.01],[-61.03,-24.9],[-61.22,-24.66],[-61.45,-24.62],[-61.57,-24.51],[-61.66,-24.48],[-61.7,-24.39],[-61.78,-24.34],[-61.9,-24.32],[-62.02,-24.22],[-62.12,-24.2],[-62.34,-24.12],[-62.33,-24.4],[-63.09,-25.3],[-63.4,-25.66]]]},"properties":{"nombre":"Chaco","pais":"ARG"}},
{"type":"Feature","geometry":{"type":"Polygon","coordinates":[[[-57.81,-30.75],[-57.89,-30.59],[-57.85,-30.48],[-57.65,-30.33],[-57.64,-30.19],[-57.61,-30.18],[-57.51,-30.14],[-57.32,-29.97],[-57.31,-29.85],[-57.26,-29.79],[-57.11,-29.77],[-56.98,-29.64],[-56.97,-29.6],[-56.82,-29.48],[-56.78,-29.39],[-56.69,-29.33],[-56.62,-29.16],[-56.51,-29.09],[-56.44,-29.08],[-56.39,-28.95],[-56.32,-28.92],[-56.3,-28.8],[-56.19,-28.74],[-56.02,-28.59],[-56.02,-28.51],[-55.9,-28.46],[-55.89,-28.36],[-55.81,-28.35],[-55.68,-28.39],[-55.68,-28.3],[-55.77,-28.23],[-55.62,-28.14],[-55.74,-28.07],[-55.84,-27.91],[-55.87,-27.72],[-56.02,-27.45],[-55.97,-27.33],[-56.07,-27.3],[-56.17,-27.32],[-56.28,-27.39],[-56.28,-27.46],[-56.4,-27.59],[-56.55,-27.45],[-56.64,-27.45],[-56.77,-27.51],[-56.87,-27.43],[-56.98,-27.43],[-57.11,-27.49],[-57.18,-27.49],[-57.31,-27.43],[-57.39,-27.4],[-57.54,-27.41],[-57.7,-27.33],[-58.05,-27.26],[-58.24,-27.26],[-58.51,-27.28],[-58.6,-27.32],[-58.66,-27.33],[-58.88,-27.48],[-58.88,-27.57],[-58.83,-27.64],[-58.81,-27.75],[-58.87,-28],[-58.95,-28.11],[-59.04,-28.12],[-59.09,-28.18],[-59.07,-28.4],[-59.09,-28.65],[-59.14,-28.73],[-59.15,-28.85],[-59.19,-28.92],[-59.21,-29.05],[-59.51,-29.21],[-59.55,-29.26],[-59.59,-29.41],[-59.59,-29.61],[-59.67,-29.85],[-59.59,-30.05],[-59.64,-30.15],[-59.66,-30.34],[-59.5,-30.31],[-59.34,-30.31],[-59.24,-30.34],[-59.01,-30.2],[-58.88,-30.23],[-58.63,-30.15],[-58.26,-30.23],[-58.17,-30.34],[-58.05,-30.44],[-58,-30.59],[-57.81,-30.75]]]},"properties":{"nombre":"Corrientes","pais":"ARG"}},
{"type":"Feature","geometry":{"type":"Polygon","coordinates":[[[-56.57,-26.72],[-56.57,-26.68],[-56.71,-26.62],[-56.78,-26.54],[-56.82,-26.49],[-57.04,-26.4],[-57.25,-26.61],[-57.37,-26.62],[-57.55,-26.55],[-57.7,-26.41],[-57.62,-26.82],[-57.41,-27.05],[-57.23,-27.07],[-57.2,-27.13],[-57.31,-27.43],[-57.18,-27.49],[-57.11,-27.49],[-56.98,-27.43],[-56.87,-27.43],[-56.77,-27.51],[-56.64,-27.45],[-56.64,-27.34],[-56.69,-27.29],[-56.66,-27.19],[-56.53,-27.09],[-56.57,-26.72]]]},"properties":{"nombre":"Misiones","pais":"PRY"}},
{"type":"Feature","geometry":{"type":"Polygon","coordinates":[[[-61.92,-20.07],[-61.84,-19.85],[-61.74,-19.64],[-61.51,-19.61],[-60.83,-19.47],[-60.01,-19.3],[-59.55,-19.29],[-59.07,-19.29],[-58.49,-19.63],[-58.16,-19.83],[-58.14,-20],[-58.16,-20.16],[-58.05,-20.11],[-57.97,-20.03],[-57.86,-19.98],[-58.12,-19.76],[-58.09,-19.66],[-57.79,-19.06],[-57.72,-19.05],[-57.74,-18.91],[-57.78,-18.91],[-57.68,-18.59],[-57.58,-18.31],[-57.54,-18.24],[-57.64,-18],[-57.73,-17.85],[-57.72,-17.74],[-57.79,-17.68],[-57.79,-17.56],[-57.84,-17.51],[-58.01,-17.5],[-58.24,-17.32],[-58.38,-17.27],[-58.41,-17.2],[-58.43,-16.98],[-58.48,-16.73],[-58.46,-16.62],[-58.36,-16.51],[-58.34,-16.29],[-58.44,-16.33],[-58.92,-16.32],[-59.3,-16.3],[-59.49,-16.3],[-60.16,-16.27],[-60.18,-16.22],[-60.19,-16],[-60.24,-15.5],[-60.26,-15.46],[-60.53,-15.14],[-60.58,-15.1],[-60.27,-15.1],[-60.28,-14.77],[-60.3,-14.61],[-60.35,-14.57],[-60.34,-14.49],[-60.4,-14.34],[-60.45,-14.3],[-60.48,-14.14],[-60.42,-14.08],[-60.39,-13.97],[-60.44,-13.92],[-60.47,-13.8],[-60.57,-13.77],[-60.73,-13.66],[-60.9,-13.55],[-61.02,-13.54],[-61.04,-13.47],[-61.15,-13.52],[-61.26,-13.52],[-61.35,-13.49],[-61.5,-13.55],[-61.59,-13.51],[-62.13,-13.81],[-63.01,-14.3],[-63.57,-14.62],[-63.96,-14.74],[-63.93,-15],[-63.94,-15.13],[-63.86,-15.3],[-63.76,-15.46],[-63.68,-15.52],[-63.68,-15.57],[-63.48,-15.71],[-63.42,-15.86],[-63.34,-15.92],[-64.66,-15.85],[-64.7,-15.95],[-64.67,-16.25],[-64.7,-16.29],[-64.68,-16.39],[-64.77,-16.53],[-64.75,-16.62],[-64.81,-16.72],[-64.76,-16.87],[-64.65,-17],[-64.42,-17.14],[-64.24,-17.3],[-64.22,-17.42],[-64.34,-17.42],[-64.56,-17.75],[-64.7,-17.88],[-64.71,-17.93],[-64.64,-18],[-64.58,-18.13],[-64.5,-18.21],[-64.44,-18.32],[-64.43,-18.41],[-64.3,-18.5],[-64.29,-18.59],[-64.34,-18.66],[-64.28,-18.83],[-64.18,-18.95],[-64.06,-19],[-64.01,-19.17],[-63.91,-19.14],[-63.87,-19.03],[-63.74,-19.04],[-63.77,-19.27],[-63.73,-19.96],[-63.71,-20],[-63.65,-20.45],[-63.5,-20.46],[-63.37,-20.36],[-63.29,-20.48],[-62.21,-20.47],[-61.92,-20.07]]]},"properties":{"nombre":"Santa Cruz","pais":"BOL"}},
{"type":"Feature","geometry":{"type":"Polygon","coordinates":[[[-58.16,-20.16],[-58.09,-20.28],[-58.1,-20.34],[-57.99,-20.43],[-58.01,-20.55],[-57.97,-20.66],[-57.86,-20.74],[-57.86,-20.83],[-57.92,-20.89],[-57.82,-20.98],[-57.85,-21.04],[-57.83,-21.13],[-57.85,-21.22],[-57.91,-21.29],[-57.86,-21.36],[-57.95,-21.49],[-57.91,-21.56],[-57.94,-21.64],[-57.9,-21.69],[-57.96,-21.85],[-57.92,-21.91],[-57.99,-22.04],[-57.97,-22.08],[-57.85,-22.14],[-57.78,-22.11],[-57.65,-22.11],[-57.61,-22.18],[-57.53,-22.17],[-57.33,-22.2],[-57.01,-22.23],[-56.84,-22.29],[-56.7,-22.22],[-56.59,-22.19],[-56.51,-22.09],[-56.42,-22.07],[-56.32,-22.21],[-56.2,-22.28],[-55.87,-22.31],[-55.76,-22.39],[-55.74,-22.54],[-55.62,-22.64],[-55.62,-22.73],[-55.66,-22.82],[-55.64,-23],[-55.59,-23.06],[-55.53,-23.23],[-55.56,-23.33],[-55.51,-23.38],[-55.53,-23.53],[-55.53,-23.6],[-55.45,-23.73],[-55.43,-23.93],[-55.4,-23.98],[-55.2,-24.02],[-54.94,-23.97],[-54.91,-23.93],[-54.64,-23.8],[-54.42,-23.91],[-54.37,-23.98],[-54.25,-24.05],[-54.1,-23.97],[-54.07,-23.82],[-53.95,-23.42],[-53.75,-23.33],[-53.64,-23.11],[-53.59,-22.9],[-53.48,-22.83],[-53.17,-22.7],[-52.96,-22.45],[-52.84,-22.42],[-52.82,-22.38],[-52.68,-22.29],[-52.53,-22.23],[-52.37,-22.1],[-52.32,-21.95],[-52.19,-21.83],[-52.14,-21.73],[-52.04,-21.67],[-52.11,-21.55],[-52.07,-21.48],[-51.98,-21.48],[-51.87,-21.34],[-51.85,-21.26],[-51.87,-21.14],[-51.77,-21.06],[-51.75,-21],[-51.63,-20.88],[-51.62,-20.7],[-51.58,-20.6],[-51.46,-20.52],[-51.33,-20.36],[-51.14,-20.3],[-51.05,-20.23],[-50.99,-20.1],[-51.03,-19.75],[-50.95,-19.57],[-50.96,-19.47],[-51.03,-19.37],[-51.14,-19.28],[-51.32,-19.25],[-51.41,-19.17],[-51.64,-19.13],[-51.84,-19.05],[-51.91,-18.99],[-52.04,-18.95],[-52.17,-18.85],[-52.27,-18.81],[-52.36,-18.81],[-52.5,-18.7],[-52.62,-18.72],[-52.76,-18.71],[-52.9,-18.66],[-52.86,-18.56],[-52.77,-18.43],[-52.87,-18.35],[-53,-18.39],[-53.06,-18.29],[-53.04,-18.1],[-53.05,-18.02],[-53.15,-18.03],[-53.29,-18],[-53.49,-18.01],[-53.6,-17.99],[-53.73,-18.01],[-53.87,-17.95],[-53.98,-17.93],[-53.85,-17.68],[-53.75,-17.64],[-53.72,-17.43],[-53.68,-17.26],[-53.74,-17.25],[-53.82,-17.31],[-53.95,-17.46],[-54.04,-17.51],[-54.08,-17.59],[-54.38,-17.68],[-54.41,-17.59],[-54.53,-17.51],[-54.61,-17.5],[-54.77,-17.55],[-54.91,-17.66],[-55.18,-17.69],[-55.35,-17.58],[-55.54,-17.5],[-55.61,-17.39],[-55.79,-17.35],[-55.85,-17.3],[-55.98,-17.27],[-56.06,-17.19],[-56.21,-17.2],[-56.33,-17.29],[-56.42,-17.32],[-56.53,-17.31],[-56.76,-17.32],[-56.84,-17.4],[-56.85,-17.48],[-56.94,-17.57],[-56.97,-17.65],[-57.13,-17.79],[-57.49,-17.87],[-57.61,-17.81],[-57.63,-17.74],[-57.72,-17.74],[-57.73,-17.85],[-57.64,-18],[-57.54,-18.24],[-57.58,-18.31],[-57.68,-18.59],[-57.78,-18.91],[-57.74,-18.91],[-57.72,-19.05],[-57.79,-19.06],[-58.09,-19.66],[-58.12,-19.76],[-57.86,-19.98],[-57.97,-20.03],[-58.05,-20.11],[-58.16,-20.16]]]},"properties":{"nombre":"Mato Grosso do Sul","pais":"BRA"}},
{"type":"Feature","geometry":{"type":"Polygon","coordinates":[[[-59.34,-22.08],[-59.19,-22.16],[-58.73,-22.17],[-58.26,-22.2],[-58.19,-22.28],[-57.85,-22.42],[-57.83,-22.38],[-57.98,-22.21],[-57.97,-22.08],[-57.99,-22.04],[-57.92,-21.91],[-57.96,-21.85],[-57.9,-21.69],[-57.94,-21.64],[-57.91,-21.56],[-57.95,-21.49],[-57.86,-21.36],[-57.91,-21.29],[-57.85,-21.22],[-57.83,-21.13],[-57.85,-21.04],[-57.82,-20.98],[-57.92,-20.89],[-57.86,-20.83],[-57.86,-20.74],[-57.97,-20.66],[-58.01,-20.55],[-57.99,-20.43],[-58.1,-20.34],[-58.09,-20.28],[-58.16,-20.16],[-58.14,-20],[-58.16,-19.83],[-58.49,-19.63],[-59.07,-19.29],[-59.55,-19.29],[-60.01,-19.3],[-60.83,-19.47],[-61.51,-19.61],[-61.74,-19.64],[-61.84,-19.85],[-61.92,-20.07],[-61.82,-20.13],[-59.95,-20.65],[-59.85,-20.7],[-59.88,-20.78],[-59.83,-20.85],[-59.83,-20.93],[-59.74,-21.07],[-59.7,-21.32],[-59.71,-21.37],[-59.85,-21.47],[-59.96,-21.91],[-59.94,-22.04],[-59.78,-22.03],[-59.39,-22.05],[-59.34,-22.08]]]},"properties":{"nombre":"Alto Paraguay","pais":"PRY"}},
{"type":"Feature","geometry":{"type":"Polygon","coordinates":[[[-57.45,-23.47],[-57.26,-23.5],[-56.88,-23.42],[-56.55,-23.45],[-56.38,-23.4],[-56.3,-23.34],[-56.28,-23.27],[-56.2,-23.22],[-56.13,-23.12],[-56.13,-23.05],[-56.27,-22.71],[-56.37,-22.72],[-56.48,-22.78],[-56.57,-22.89],[-56.66,-22.84],[-56.67,-22.74],[-56.72,-22.66],[-56.72,-22.53],[-56.62,-22.35],[-56.84,-22.29],[-57.01,-22.23],[-57.33,-22.2],[-57.53,-22.17],[-57.61,-22.18],[-57.65,-22.11],[-57.78,-22.11],[-57.85,-22.14],[-57.97,-22.08],[-57.98,-22.21],[-57.83,-22.38],[-57.85,-22.42],[-57.81,-22.67],[-57.9,-22.66],[-57.94,-22.72],[-57.82,-22.81],[-57.79,-23.02],[-57.71,-23.09],[-57.63,-23.11],[-57.61,-23.18],[-57.48,-23.27],[-57.5,-23.36],[-57.45,-23.47]]]},"properties":{"nombre":"Concepción","pais":"PRY"}},
{"type":"Feature","geometry":{"type":"Polygon","coordinates":[[[-56.84,-22.29],[-56.62,-22.35],[-56.72,-22.53],[-56.72,-22.66],[-56.67,-22.74],[-56.66,-22.84],[-56.57,-22.89],[-56.48,-22.78],[-56.37,-22.72],[-56.27,-22.71],[-56.13,-23.05],[-56.13,-23.12],[-56.2,-23.22],[-56.28,-23.27],[-56.3,-23.34],[-56.15,-23.31],[-56.08,-23.32],[-56.04,-23.42],[-56.15,-23.54],[-56.1,-23.61],[-56.03,-23.54],[-55.93,-23.53],[-55.98,-23.67],[-55.98,-23.77],[-56.06,-23.85],[-55.93,-23.85],[-55.69,-23.68],[-55.58,-23.64],[-55.53,-23.53],[-55.51,-23.38],[-55.56,-23.33],[-55.53,-23.23],[-55.59,-23.06],[-55.64,-23],[-55.66,-22.82],[-55.62,-22.73],[-55.62,-22.64],[-55.74,-22.54],[-55.76,-22.39],[-55.87,-22.31],[-56.2,-22.28],[-56.32,-22.21],[-56.42,-22.07],[-56.51,-22.09],[-56.59,-22.19],[-56.7,-22.22],[-56.84,-22.29]]]},"properties":{"nombre":"Amambay","pais":"PRY"}},
{"type":"Feature","geometry":{"type":"Polygon","coordinates":[[[-54.36,-24.73],[-54.32,-24.63],[-54.34,-24.53],[-54.26,-24.33],[-54.31,-24.25],[-54.33,-24.12],[-54.25,-24.05],[-54.37,-23.98],[-54.42,-23.91],[-54.64,-23.8],[-54.91,-23.93],[-54.94,-23.97],[-55.2,-24.02],[-55.4,-23.98],[-55.43,-23.93],[-55.45,-23.73],[-55.53,-23.6],[-55.53,-23.53],[-55.58,-23.64],[-55.69,-23.68],[-55.93,-23.85],[-56.06,-23.85],[-55.99,-24.03],[-56.15,-24.14],[-56.16,-24.26],[-56.1,-24.38],[-56.03,-24.42],[-55.91,-24.64],[-55.81,-24.75],[-55.75,-24.78],[-55.7,-24.71],[-55.49,-24.54],[-55.23,-24.5],[-55.12,-24.47],[-55.08,-24.55],[-54.99,-24.54],[-54.88,-24.58],[-54.88,-24.63],[-54.66,-24.64],[-54.63,-24.69],[-54.36,-24.73]]]},"properties":{"nombre":"Canindeyú","pais":"PRY"}},
{"type":"Feature","geometry":{"type":"Polygon","coordinates":[[[-54.6,-25.57],[-54.44,-25.64],[-54.4,-25.58],[-54.22,-25.53],[-53.98,-25.59],[-53.91,-25.63],[-53.84,-25.79],[-53.83,-25.97],[-53.75,-26.06],[-53.66,-26.26],[-53.46,-26.29],[-53.34,-26.24],[-53.12,-26.37],[-52.82,-26.34],[-52.62,-26.41],[-52.19,-26.45],[-52.02,-26.58],[-51.87,-26.6],[-51.49,-26.6],[-51.41,-26.7],[-51.25,-26.63],[-51.28,-26.42],[-51.23,-26.32],[-50.99,-26.24],[-50.84,-26.26],[-50.73,-26.21],[-50.65,-26.07],[-50.56,-26.02],[-50.48,-26.02],[-50.37,-26.07],[-50.3,-26.04],[-50.12,-26.05],[-49.99,-26.01],[-49.89,-26.03],[-49.72,-26.16],[-49.58,-26.23],[-49.51,-26.23],[-49.46,-26.17],[-49.3,-26.11],[-49.24,-26.04],[-49.12,-25.99],[-48.95,-26.01],[-48.93,-25.98],[-48.65,-25.97],[-48.58,-25.98],[-48.52,-25.77],[-48.43,-25.62],[-48.48,-25.55],[-48.61,-25.54],[-48.63,-25.45],[-48.47,-25.48],[-48.41,-25.41],[-48.46,-25.34],[-48.25,-25.32],[-48.25,-25.41],[-48.08,-25.31],[-48.08,-25.29],[-48.18,-25.2],[-48.23,-25.01],[-48.41,-24.96],[-48.51,-25.08],[-48.57,-25.06],[-48.55,-24.82],[-48.49,-24.74],[-48.61,-24.68],[-48.78,-24.7],[-48.83,-24.66],[-48.95,-24.68],[-49.22,-24.69],[-49.3,-24.67],[-49.28,-24.44],[-49.22,-24.35],[-49.34,-24.23],[-49.33,-24.14],[-49.42,-24.07],[-49.6,-23.88],[-49.55,-23.71],[-49.61,-23.64],[-49.65,-23.52],[-49.61,-23.39],[-49.67,-23.2],[-49.77,-23.1],[-49.91,-23.04],[-49.91,-22.99],[-50.03,-22.91],[-50.12,-22.94],[-50.32,-22.95],[-50.37,-22.91],[-50.5,-22.95],[-50.66,-22.92],[-50.78,-22.95],[-50.88,-22.82],[-51.11,-22.77],[-51.35,-22.65],[-51.51,-22.69],[-51.77,-22.61],[-51.86,-22.62],[-52.02,-22.53],[-52.14,-22.54],[-52.19,-22.64],[-52.25,-22.6],[-52.34,-22.62],[-52.52,-22.61],[-52.58,-22.57],[-52.67,-22.6],[-52.95,-22.57],[-53.1,-22.68],[-53.17,-22.7],[-53.48,-22.83],[-53.59,-22.9],[-53.64,-23.11],[-53.75,-23.33],[-53.95,-23.42],[-54.07,-23.82],[-54.1,-23.97],[-54.25,-24.05],[-54.33,-24.12],[-54.31,-24.25],[-54.26,-24.33],[-54.34,-24.53],[-54.32,-24.63],[-54.36,-24.73],[-54.41,-24.82],[-54.46,-25.04],[-54.43,-25.13],[-54.5,-25.28],[-54.61,-25.43],[-54.6,-25.57]]]},"properties":{"nombre":"Paraná","pais":"BRA"}},
{"type":"Feature","geometry":{"type":"MultiPolygon","coordinates":[[[[-49.71,-29.32],[-49.55,-29.13],[-49.34,-28.92],[-48.94,-28.64],[-48.81,-28.61],[-48.78,-28.49],[-48.65,-28.25],[-48.61,-27.93],[-48.57,-27.88],[-48.63,-27.77],[-48.65,-27.65],[-48.61,-27.56],[-48.65,-27.46],[-48.55,-27.34],[-48.61,-27.31],[-48.61,-27.22],[-48.48,-27.17],[-48.61,-27.1],[-48.63,-26.85],[-48.6,-26.8],[-48.68,-26.73],[-48.66,-26.56],[-48.61,-26.46],[-48.66,-26.37],[-48.76,-26.29],[-48.58,-26.16],[-48.61,-26.04],[-48.58,-25.98],[-48.65,-25.97],[-48.93,-25.98],[-48.95,-26.01],[-49.12,-25.99],[-49.24,-26.04],[-49.3,-26.11],[-49.46,-26.17],[-49.51,-26.23],[-49.58,-26.23],[-49.72,-26.16],[-49.89,-26.03],[-49.99,-26.01],[-50.12,-26.05],[-50.3,-26.04],[-50.37,-26.07],[-50.48,-26.02],[-50.56,-26.02],[-50.65,-26.07],[-50.73,-26.21],[-50.84,-26.26],[-50.99,-26.24],[-51.23,-26.32],[-51.28,-26.42],[-51.25,-26.63],[-51.41,-26.7],[-51.49,-26.6],[-51.87,-26.6],[-52.02,-26.58],[-52.19,-26.45],[-52.62,-26.41],[-52.82,-26.34],[-53.12,-26.37],[-53.34,-26.24],[-53.46,-26.29],[-53.66,-26.26],[-53.72,-26.35],[-53.71,-26.5],[-53.74,-26.52],[-53.74,-26.68],[-53.71,-26.91],[-53.84,-27.16],[-53.5,-27.19],[-53.37,-27.07],[-53.16,-27.18],[-53.03,-27.13],[-52.97,-27.21],[-52.83,-27.2],[-52.64,-27.26],[-52.57,-27.24],[-52.38,-27.28],[-52.27,-27.24],[-52.11,-27.33],[-52.02,-27.33],[-51.88,-27.52],[-51.69,-27.49],[-51.47,-27.56],[-51.44,-27.61],[-51.3,-27.67],[-51.23,-27.77],[-51.08,-27.82],[-51.01,-27.93],[-50.89,-28.02],[-50.87,-28.13],[-50.79,-28.13],[-50.73,-28.25],[-50.63,-28.37],[-50.54,-28.42],[-50.22,-28.45],[-50.08,-28.48],[-49.87,-28.45],[-49.82,-28.5],[-49.71,-28.53],[-49.7,-28.59],[-49.8,-28.62],[-49.91,-28.73],[-49.96,-28.83],[-49.95,-28.97],[-50,-29.1],[-50.09,-29.13],[-50.17,-29.2],[-50.17,-29.29],[-49.95,-29.19],[-49.86,-29.22],[-49.71,-29.32]]],[[[-48.44,-27.41],[-48.52,-27.43],[-48.52,-27.63],[-48.56,-27.67],[-48.56,-27.82],[-48.48,-27.76],[-48.5,-27.7],[-48.41,-27.59],[-48.38,-27.48],[-48.44,-27.41]]],[[[-48.54,-26.34],[-48.49,-26.22],[-48.53,-26.17],[-48.67,-26.27],[-48.7,-26.32],[-48.63,-26.39],[-48.54,-26.34]]]]},"properties":{"nombre":"Santa Catarina","pais":"BRA"}},
{"type":"Feature","geometry":{"type":"Polygon","coordinates":[[[-63.39,2.24],[-63.41,2.15],[-63.62,2.1],[-63.8,1.97],[-63.96,1.97],[-64.04,1.93],[-64.08,1.75],[-64.09,1.62],[-64.39,1.37],[-64.41,1.51],[-64.57,1.4],[-64.6,1.33],[-64.75,1.24],[-64.82,1.27],[-64.96,1.21],[-65.02,1.14],[-65.14,1.13],[-65.2,0.92],[-65.33,0.91],[-65.39,0.84],[-65.41,0.74],[-65.47,0.67],[-65.56,0.66],[-65.59,0.74],[-65.53,0.82],[-65.52,0.89],[-65.58,0.98],[-65.72,0.98],[-65.89,0.9],[-65.97,0.81],[-66.19,0.76],[-66.35,0.76],[-66.41,0.8],[-66.86,1.21],[-66.91,1.22],[-67.06,1.17],[-67.1,1.25],[-67.07,1.54],[-67.16,1.79],[-67.27,1.93],[-67.34,2.09],[-67.42,2.14],[-67.59,2.06],[-67.79,1.81],[-67.86,1.76],[-68,1.75],[-68.06,1.82],[-68.11,1.94],[-68.18,1.97],[-68.26,1.86],[-68.24,1.77],[-68.16,1.72],[-68.8,1.72],[-69.35,1.72],[-69.47,1.76],[-69.58,1.77],[-69.75,1.74],[-69.85,1.67],[-69.85,1.06],[-69.47,1.06],[-69.36,1.07],[-69.27,1.03],[-69.15,0.87],[-69.18,0.82],[-69.14,0.64],[-69.24,0.61],[-69.37,0.64],[-69.44,0.72],[-69.5,0.73],[-69.62,0.65],[-69.69,0.67],[-69.77,0.62],[-70,0.59],[-70.06,0.52],[-70.07,-0.16],[-69.92,-0.32],[-69.85,-0.35],[-69.75,-0.45],[-69.67,-0.48],[-69.61,-0.55],[-69.58,-0.65],[-69.63,-0.73],[-69.57,-0.81],[-69.54,-0.92],[-69.44,-1.01],[-69.45,-1.09],[-69.4,-1.18],[-69.57,-2.11],[-69.59,-2.27],[-69.71,-2.91],[-69.86,-3.72],[-69.96,-4.26],[-70.05,-4.34],[-70.09,-4.28],[-70.16,-4.27],[-70.19,-4.33],[-70.32,-4.25],[-70.31,-4.17],[-70.46,-4.14],[-70.5,-4.18],[-70.63,-4.17],[-70.83,-4.18],[-70.97,-4.38],[-71.17,-4.36],[-71.51,-4.45],[-71.66,-4.51],[-71.89,-4.51],[-72.25,-4.76],[-72.39,-4.79],[-72.4,-4.86],[-72.48,-4.9],[-72.63,-5.02],[-72.92,-5.13],[-72.89,-5.26],[-72.97,-5.47],[-72.96,-5.56],[-73,-5.71],[-73.14,-5.88],[-73.22,-6.04],[-73.23,-6.15],[-73.17,-6.22],[-73.13,-6.43],[-73.17,-6.52],[-73.28,-6.58],[-73.37,-6.58],[-73.51,-6.7],[-73.69,-6.81],[-73.77,-6.9],[-73.81,-7.12],[-73.79,-7.12],[-72.66,-7.59],[-70.37,-8.16],[-69.81,-8.46],[-66.83,-9.84],[-66.74,-9.75],[-66.69,-9.75],[-66.6,-9.66],[-66.5,-9.63],[-66.39,-9.51],[-66.4,-9.4],[-66.1,-9.42],[-65.93,-9.41],[-65.77,-9.57],[-65.67,-9.52],[-65.65,-9.46],[-65.56,-9.41],[-65.46,-9.46],[-65.34,-9.32],[-65.21,-9.25],[-65.17,-9.38],[-65.09,-9.44],[-64.97,-9.32],[-64.91,-9.23],[-64.93,-9.13],[-64.89,-9.06],[-64.75,-8.98],[-64.71,-9.02],[-64.6,-9.03],[-64.51,-8.96],[-64.42,-8.97],[-64.36,-8.93],[-64.12,-8.96],[-64.14,-8.7],[-64,-8.69],[-63.92,-8.53],[-63.99,-8.43],[-63.89,-8.31],[-63.75,-8.29],[-63.73,-8.19],[-63.58,-8.16],[-63.59,-8.07],[-63.54,-8],[-62.9,-8.01],[-62.72,-8.06],[-62.64,-8.22],[-62.55,-8.29],[-62.55,-8.36],[-62.45,-8.35],[-62.37,-8.38],[-62.31,-8.57],[-62.19,-8.59],[-62.12,-8.78],[-62.02,-8.8],[-61.96,-8.86],[-61.86,-8.83],[-61.84,-8.74],[-61.73,-8.69],[-61.63,-8.7],[-61.61,-8.77],[-58.55,-8.75],[-58.48,-8.71],[-58.42,-8.56],[-58.44,-8.41],[-58.4,-8.38],[-58.3,-8.09],[-58.38,-7.81],[-58.3,-7.74],[-58.2,-7.57],[-58.22,-7.43],[-58.13,-7.34],[-58.23,-7.09],[-58.38,-6.97],[-58.47,-6.78],[-58.47,-6.7],[-58.29,-6.5],[-56.76,-3.19],[-56.39,-2.39],[-56.39,-2.27],[-56.48,-2.26],[-56.49,-2.16],[-56.62,-2.22],[-56.76,-2.17],[-56.74,-2.05],[-56.82,-2.04],[-57.01,-1.94],[-57.1,-1.8],[-57.25,-1.72],[-57.35,-1.73],[-57.56,-1.62],[-57.66,-1.59],[-57.83,-1.44],[-58.16,-1.24],[-58.25,-1.13],[-58.32,-1.12],[-58.41,-1.03],[-58.41,-0.95],[-58.46,-0.83],[-58.55,-0.77],[-58.63,-0.77],[-58.74,-0.65],[-58.73,-0.45],[-58.83,-0.39],[-58.86,-0.32],[-58.85,-0.08],[-58.87,0.23],[-59.77,0.23],[-60.02,0.22],[-60.13,0.13],[-60.17,0.01],[-60.23,-0.06],[-60.25,-0.15],[-60.31,-0.23],[-60.31,-0.29],[-60.39,-0.46],[-60.39,-0.54],[-60.31,-0.63],[-60.31,-0.69],[-60.47,-0.74],[-60.52,-0.83],[-60.63,-0.86],[-60.76,-0.84],[-60.76,-0.78],[-60.92,-0.56],[-61.06,-0.53],[-61.11,-0.49],[-61.22,-0.49],[-61.26,-0.56],[-61.46,-0.64],[-61.53,-0.72],[-61.58,-0.89],[-61.56,-1.02],[-61.59,-1.21],[-61.62,-1.27],[-61.6,-1.4],[-61.71,-1.4],[-61.75,-1.36],[-61.88,-1.37],[-61.94,-1.25],[-62.04,-1.14],[-62.24,-0.98],[-62.32,-0.94],[-62.41,-0.84],[-62.51,-0.77],[-62.5,-0.69],[-62.38,-0.72],[-62.3,-0.61],[-62.32,-0.52],[-62.38,-0.46],[-62.38,-0.31],[-62.49,-0.21],[-62.51,-0.12],[-62.59,0.01],[-62.53,0.12],[-62.57,0.18],[-62.53,0.31],[-62.54,0.42],[-62.48,0.51],[-62.55,0.71],[-62.46,0.78],[-62.46,0.85],[-62.51,0.96],[-62.52,1.08],[-62.62,1.36],[-62.62,1.42],[-62.7,1.47],[-62.79,1.6],[-62.71,1.74],[-62.73,1.84],[-62.69,1.9],[-62.72,1.96],[-62.85,2.02],[-63.05,2.04],[-63.15,2.18],[-63.3,2.16],[-63.39,2.24]]]},"properties":{"nombre":"Amazonas","pais":"BRA"}},
{"type":"Feature","geometry":{"type":"Polygon","coordinates":[[[-65.23,-21.54],[-65.17,-20.97],[-65.08,-20.95],[-65.03,-21],[-64.92,-21.02],[-64.83,-21.1],[-64.77,-21.07],[-64.71,-20.93],[-64.64,-20.94],[-64.55,-21.08],[-64.43,-21.09],[-64.36,-21.14],[-64.2,-21.12],[-64.19,-20.92],[-64.07,-20.91],[-63.98,-21],[-62.27,-21],[-62.27,-20.55],[-62.21,-20.47],[-63.29,-20.48],[-63.37,-20.36],[-63.5,-20.46],[-63.65,-20.45],[-63.71,-20],[-63.73,-19.96],[-63.77,-19.27],[-63.74,-19.04],[-63.87,-19.03],[-63.91,-19.14],[-64.01,-19.17],[-64.06,-19],[-64.18,-18.95],[-64.28,-18.83],[-64.34,-18.66],[-64.39,-18.6],[-64.49,-18.67],[-64.58,-18.67],[-64.7,-18.53],[-64.82,-18.48],[-64.97,-18.53],[-65.07,-18.66],[-65.25,-18.6],[-65.25,-18.53],[-65.34,-18.42],[-65.49,-18.39],[-65.55,-18.41],[-65.69,-18.35],[-65.69,-18.41],[-65.62,-18.47],[-65.61,-18.69],[-65.42,-18.7],[-65.51,-18.82],[-65.47,-18.92],[-65.54,-19.02],[-65.45,-19.17],[-65.29,-19.31],[-65.13,-19.38],[-64.96,-19.35],[-64.87,-19.45],[-64.88,-19.53],[-64.75,-19.71],[-64.87,-19.87],[-65.06,-19.97],[-65.23,-19.99],[-65.31,-20.04],[-65.31,-20.11],[-65.37,-20.2],[-65.37,-20.27],[-65.3,-20.53],[-65.42,-20.84],[-65.43,-20.96],[-65.47,-21.1],[-65.48,-21.3],[-65.32,-21.48],[-65.23,-21.54]]]},"properties":{"nombre":"Chuquisaca","pais":"BOL"}},
{"type":"Feature","geometry":{"type":"Polygon","coordinates":[[[-66.93,-12.38],[-66.89,-12.22],[-66.88,-12.02],[-66.97,-11.85],[-66.9,-11.83],[-66.84,-11.73],[-66.73,-11.68],[-66.72,-11.56],[-66.66,-11.44],[-66.5,-11.44],[-66.32,-11.39],[-66.31,-11.34],[-66.17,-11.1],[-66.13,-10.98],[-66.09,-10.97],[-66.01,-10.79],[-65.89,-10.81],[-65.94,-10.7],[-65.83,-10.72],[-65.75,-10.67],[-65.76,-10.56],[-65.67,-10.57],[-65.53,-10.49],[-65.45,-10.4],[-65.39,-10.39],[-65.33,-10.31],[-65.3,-10.17],[-65.34,-9.97],[-65.3,-9.83],[-65.37,-9.71],[-65.45,-9.68],[-65.57,-9.8],[-65.76,-9.77],[-65.95,-9.77],[-66.03,-9.81],[-66.19,-9.8],[-66.36,-9.85],[-66.43,-9.89],[-66.51,-9.88],[-66.65,-9.92],[-66.9,-10.09],[-67.06,-10.26],[-67.2,-10.33],[-67.26,-10.31],[-67.42,-10.38],[-67.45,-10.44],[-67.58,-10.5],[-67.69,-10.61],[-67.72,-10.71],[-67.83,-10.66],[-68.03,-10.66],[-68.11,-10.71],[-68.29,-10.98],[-68.54,-11.06],[-68.59,-11.1],[-68.76,-11.14],[-68.81,-10.99],[-68.88,-11.02],[-69.07,-10.97],[-69.4,-10.94],[-69.58,-10.95],[-69.44,-11.18],[-69.03,-11.91],[-68.69,-12.49],[-68.65,-12.5],[-68.56,-12.4],[-68.49,-12.43],[-68.39,-12.24],[-68.27,-12.18],[-68.22,-12.02],[-68.01,-11.97],[-67.96,-11.91],[-66.93,-12.38]]]},"properties":{"nombre":"Pando","pais":"BOL"}},
{"type":"Feature","geometry":{"type":"Polygon","coordinates":[[[-66.65,-9.92],[-66.51,-9.88],[-66.43,-9.89],[-66.36,-9.85],[-66.19,-9.8],[-66.03,-9.81],[-65.95,-9.77],[-65.76,-9.77],[-65.57,-9.8],[-65.45,-9.68],[-65.37,-9.71],[-65.3,-9.83],[-65.34,-9.97],[-65.3,-10.17],[-65.33,-10.31],[-65.39,-10.39],[-65.45,-10.47],[-65.44,-10.63],[-65.38,-10.72],[-65.41,-10.8],[-65.32,-10.87],[-65.3,-10.99],[-65.34,-11.11],[-65.4,-11.18],[-65.39,-11.28],[-65.33,-11.32],[-65.35,-11.39],[-65.32,-11.48],[-65.22,-11.52],[-65.19,-11.59],[-65.2,-11.74],[-65.07,-11.75],[-65.02,-11.97],[-64.97,-12.01],[-64.79,-12.03],[-64.77,-12.09],[-64.64,-12.2],[-64.47,-12.25],[-64.49,-12.36],[-64.38,-12.47],[-64.24,-12.47],[-64.16,-12.52],[-64.04,-12.51],[-63.92,-12.54],[-63.86,-12.47],[-63.66,-12.47],[-63.54,-12.55],[-63.48,-12.56],[-63.43,-12.64],[-63.33,-12.7],[-63.24,-12.7],[-63.17,-12.65],[-63.06,-12.67],[-63,-12.83],[-62.92,-12.86],[-62.81,-12.99],[-62.69,-12.96],[-62.64,-13.03],[-62.49,-13.06],[-62.39,-13.14],[-62.22,-13.12],[-62.11,-13.16],[-62.11,-13.25],[-62,-13.36],[-61.79,-13.54],[-61.59,-13.51],[-61.5,-13.55],[-61.35,-13.49],[-61.26,-13.52],[-61.15,-13.52],[-61.04,-13.47],[-61.02,-13.54],[-60.9,-13.55],[-60.73,-13.66],[-60.49,-13.48],[-60.38,-13.42],[-60.36,-13.29],[-60.27,-13.12],[-60.27,-13.06],[-60.2,-12.97],[-60.09,-12.94],[-60.04,-12.88],[-59.99,-12.71],[-59.91,-12.62],[-59.82,-12.39],[-59.89,-12.26],[-59.89,-12.12],[-60,-11.9],[-60.08,-11.88],[-60.11,-11.66],[-60.09,-11.58],[-60.02,-11.54],[-59.91,-11.4],[-60,-11.14],[-60.08,-11.11],[-60.19,-11.12],[-60.28,-11.08],[-60.37,-11.11],[-60.44,-11],[-61.47,-11],[-61.51,-10.99],[-61.52,-10.8],[-61.47,-10.76],[-61.5,-10.69],[-61.47,-10.46],[-61.56,-10.26],[-61.58,-10.08],[-61.53,-10],[-61.52,-9.86],[-61.56,-9.72],[-61.48,-9.64],[-61.55,-9.46],[-61.55,-9.39],[-61.61,-9.33],[-61.6,-9.26],[-61.53,-9.2],[-61.56,-9.08],[-61.49,-8.91],[-61.5,-8.86],[-61.61,-8.77],[-61.63,-8.7],[-61.73,-8.69],[-61.84,-8.74],[-61.86,-8.83],[-61.96,-8.86],[-62.02,-8.8],[-62.12,-8.78],[-62.19,-8.59],[-62.31,-8.57],[-62.37,-8.38],[-62.45,-8.35],[-62.55,-8.36],[-62.55,-8.29],[-62.64,-8.22],[-62.72,-8.06],[-62.9,-8.01],[-63.54,-8],[-63.59,-8.07],[-63.58,-8.16],[-63.73,-8.19],[-63.75,-8.29],[-63.89,-8.31],[-63.99,-8.43],[-63.92,-8.53],[-64,-8.69],[-64.14,-8.7],[-64.12,-8.96],[-64.36,-8.93],[-64.42,-8.97],[-64.51,-8.96],[-64.6,-9.03],[-64.71,-9.02],[-64.75,-8.98],[-64.89,-9.06],[-64.93,-9.13],[-64.91,-9.23],[-64.97,-9.32],[-65.09,-9.44],[-65.17,-9.38],[-65.21,-9.25],[-65.34,-9.32],[-65.46,-9.46],[-65.56,-9.41],[-65.65,-9.46],[-65.67,-9.52],[-65.77,-9.57],[-65.93,-9.41],[-66.1,-9.42],[-66.4,-9.4],[-66.39,-9.51],[-66.5,-9.63],[-66.6,-9.66],[-66.69,-9.75],[-66.74,-9.75],[-66.83,-9.84],[-66.65,-9.92]]]},"properties":{"nombre":"Rondônia","pais":"BRA"}},
{"type":"Feature","geometry":{"type":"Polygon","coordinates":[[[-66.78,-15.7],[-66.5,-15.97],[-66.47,-16.06],[-66.24,-16.32],[-66.12,-16.4],[-65.99,-16.45],[-65.8,-16.47],[-65.46,-16.37],[-65.33,-16.28],[-65.28,-16.09],[-65.16,-15.91],[-64.66,-15.85],[-63.34,-15.92],[-63.42,-15.86],[-63.48,-15.71],[-63.68,-15.57],[-63.68,-15.52],[-63.76,-15.46],[-63.86,-15.3],[-63.94,-15.13],[-63.93,-15],[-63.96,-14.74],[-63.57,-14.62],[-63.01,-14.3],[-62.13,-13.81],[-61.59,-13.51],[-61.79,-13.54],[-62,-13.36],[-62.11,-13.25],[-62.11,-13.16],[-62.22,-13.12],[-62.39,-13.14],[-62.49,-13.06],[-62.64,-13.03],[-62.69,-12.96],[-62.81,-12.99],[-62.92,-12.86],[-63,-12.83],[-63.06,-12.67],[-63.17,-12.65],[-63.24,-12.7],[-63.33,-12.7],[-63.43,-12.64],[-63.48,-12.56],[-63.54,-12.55],[-63.66,-12.47],[-63.86,-12.47],[-63.92,-12.54],[-64.04,-12.51],[-64.16,-12.52],[-64.24,-12.47],[-64.38,-12.47],[-64.49,-12.36],[-64.47,-12.25],[-64.64,-12.2],[-64.77,-12.09],[-64.79,-12.03],[-64.97,-12.01],[-65.02,-11.97],[-65.07,-11.75],[-65.2,-11.74],[-65.19,-11.59],[-65.22,-11.52],[-65.32,-11.48],[-65.35,-11.39],[-65.33,-11.32],[-65.39,-11.28],[-65.4,-11.18],[-65.34,-11.11],[-65.3,-10.99],[-65.32,-10.87],[-65.41,-10.8],[-65.38,-10.72],[-65.44,-10.63],[-65.45,-10.47],[-65.39,-10.39],[-65.45,-10.4],[-65.53,-10.49],[-65.67,-10.57],[-65.76,-10.56],[-65.75,-10.67],[-65.83,-10.72],[-65.94,-10.7],[-65.89,-10.81],[-66.01,-10.79],[-66.09,-10.97],[-66.13,-10.98],[-66.17,-11.1],[-66.31,-11.34],[-66.32,-11.39],[-66.5,-11.44],[-66.66,-11.44],[-66.72,-11.56],[-66.73,-11.68],[-66.84,-11.73],[-66.9,-11.83],[-66.97,-11.85],[-66.88,-12.02],[-66.89,-12.22],[-66.93,-12.38],[-66.95,-12.67],[-67,-12.9],[-67.05,-13.02],[-67.1,-13.02],[-67.16,-13.11],[-67.34,-13.3],[-67.4,-13.4],[-67.37,-13.59],[-67.48,-13.73],[-67.48,-13.84],[-67.54,-14],[-67.51,-14.15],[-67.52,-14.29],[-67.57,-14.33],[-67.49,-14.49],[-67.53,-14.61],[-67.43,-14.75],[-67.42,-14.97],[-67.28,-15.02],[-67.18,-15.16],[-67.11,-15.32],[-67.12,-15.38],[-67.03,-15.48],[-66.78,-15.7]]]},"properties":{"nombre":"El Beni","pais":"BOL"}},
{"type":"Feature","geometry":{"type":"Polygon","coordinates":[[[-58.13,-7.34],[-58.22,-7.43],[-58.2,-7.57],[-58.3,-7.74],[-58.38,-7.81],[-58.3,-8.09],[-58.4,-8.38],[-58.44,-8.41],[-58.42,-8.56],[-58.48,-8.71],[-58.55,-8.75],[-61.61,-8.77],[-61.5,-8.86],[-61.49,-8.91],[-61.56,-9.08],[-61.53,-9.2],[-61.6,-9.26],[-61.61,-9.33],[-61.55,-9.39],[-61.55,-9.46],[-61.48,-9.64],[-61.56,-9.72],[-61.52,-9.86],[-61.53,-10],[-61.58,-10.08],[-61.56,-10.26],[-61.47,-10.46],[-61.5,-10.69],[-61.47,-10.76],[-61.52,-10.8],[-61.51,-10.99],[-61.47,-11],[-60.44,-11],[-60.37,-11.11],[-60.28,-11.08],[-60.19,-11.12],[-60.08,-11.11],[-60,-11.14],[-59.91,-11.4],[-60.02,-11.54],[-60.09,-11.58],[-60.11,-11.66],[-60.08,-11.88],[-60,-11.9],[-59.89,-12.12],[-59.89,-12.26],[-59.82,-12.39],[-59.91,-12.62],[-59.99,-12.71],[-60.04,-12.88],[-60.09,-12.94],[-60.2,-12.97],[-60.27,-13.06],[-60.27,-13.12],[-60.36,-13.29],[-60.38,-13.42],[-60.49,-13.48],[-60.73,-13.66],[-60.57,-13.77],[-60.47,-13.8],[-60.44,-13.92],[-60.39,-13.97],[-60.42,-14.08],[-60.48,-14.14],[-60.45,-14.3],[-60.4,-14.34],[-60.34,-14.49],[-60.35,-14.57],[-60.3,-14.61],[-60.28,-14.77],[-60.27,-15.1],[-60.58,-15.1],[-60.53,-15.14],[-60.26,-15.46],[-60.24,-15.5],[-60.19,-16],[-60.18,-16.22],[-60.16,-16.27],[-59.49,-16.3],[-59.3,-16.3],[-58.92,-16.32],[-58.44,-16.33],[-58.34,-16.29],[-58.36,-16.51],[-58.46,-16.62],[-58.48,-16.73],[-58.43,-16.98],[-58.41,-17.2],[-58.38,-17.27],[-58.24,-17.32],[-58.01,-17.5],[-57.84,-17.51],[-57.79,-17.56],[-57.79,-17.68],[-57.72,-17.74],[-57.63,-17.74],[-57.61,-17.81],[-57.49,-17.87],[-57.13,-17.79],[-56.97,-17.65],[-56.94,-17.57],[-56.85,-17.48],[-56.84,-17.4],[-56.76,-17.32],[-56.53,-17.31],[-56.42,-17.32],[-56.33,-17.29],[-56.21,-17.2],[-56.06,-17.19],[-55.98,-17.27],[-55.85,-17.3],[-55.79,-17.35],[-55.61,-17.39],[-55.54,-17.5],[-55.35,-17.58],[-55.18,-17.69],[-54.91,-17.66],[-54.77,-17.55],[-54.61,-17.5],[-54.53,-17.51],[-54.41,-17.59],[-54.38,-17.68],[-54.08,-17.59],[-54.04,-17.51],[-53.95,-17.46],[-53.82,-17.31],[-53.74,-17.25],[-53.68,-17.26],[-53.72,-17.43],[-53.75,-17.64],[-53.85,-17.68],[-53.98,-17.93],[-53.87,-17.95],[-53.73,-18.01],[-53.6,-17.99],[-53.49,-18.01],[-53.29,-18],[-53.15,-18.03],[-53.05,-18.02],[-53.15,-17.78],[-53.23,-17.65],[-53.24,-17.56],[-53.19,-17.37],[-53.2,-17.27],[-53.05,-17.06],[-53.01,-16.89],[-52.96,-16.82],[-52.81,-16.75],[-52.63,-16.53],[-52.62,-16.43],[-52.68,-16.38],[-52.65,-16.27],[-52.56,-16.25],[-52.54,-16.16],[-52.43,-16.08],[-52.33,-16.04],[-52.25,-15.91],[-52.05,-15.88],[-51.97,-15.8],[-51.87,-15.79],[-51.7,-15.46],[-51.66,-15.21],[-51.51,-15.06],[-51.41,-14.99],[-51.32,-14.96],[-51.27,-15.02],[-51.18,-14.98],[-51.1,-14.89],[-51.07,-14.74],[-50.97,-14.52],[-51,-14.4],[-50.92,-14.12],[-50.85,-14.1],[-50.86,-13.96],[-50.84,-13.88],[-50.86,-13.71],[-50.79,-13.67],[-50.76,-13.53],[-50.66,-13.43],[-50.66,-13.38],[-50.57,-13.25],[-50.56,-13.01],[-50.49,-12.95],[-50.48,-12.85],[-50.57,-12.83],[-50.65,-12.55],[-50.61,-12.43],[-50.62,-12.27],[-50.67,-12.19],[-50.68,-11.99],[-50.64,-11.89],[-50.68,-11.86],[-50.71,-11.71],[-50.65,-11.59],[-50.74,-11.51],[-50.73,-11.4],[-50.67,-11.26],[-50.66,-11.14],[-50.61,-11.08],[-50.63,-10.96],[-50.59,-10.77],[-50.6,-10.66],[-50.52,-10.56],[-50.5,-10.44],[-50.39,-10.25],[-50.4,-10.15],[-50.3,-10.02],[-50.24,-9.84],[-51.17,-9.8],[-51.3,-9.79],[-55.09,-9.56],[-56.46,-9.47],[-56.58,-9.41],[-56.8,-9.38],[-56.85,-9.26],[-57.05,-9.23],[-57.1,-9.05],[-57.3,-8.96],[-57.48,-8.79],[-57.58,-8.76],[-57.65,-8.59],[-57.68,-8.46],[-57.67,-8.32],[-57.64,-8.23],[-57.73,-8.09],[-57.8,-8.02],[-57.88,-7.77],[-57.89,-7.69],[-57.95,-7.62],[-57.98,-7.53],[-58.13,-7.34]]]},"properties":{"nombre":"Mato Grosso","pais":"BRA"}},
{"type":"Feature","geometry":{"type":"Polygon","coordinates":[[[-68.49,-25.16],[-68.5,-25.16],[-68.61,-25.44],[-68.56,-25.57],[-68.56,-25.66],[-68.5,-25.75],[-68.49,-25.84],[-68.42,-26.09],[-68.42,-26.18],[-68.55,-26.27],[-68.59,-26.34],[-68.57,-26.55],[-68.32,-26.87],[-68.33,-27],[-68.44,-27.07],[-68.54,-27.09],[-68.61,-27.17],[-68.72,-27.11],[-68.8,-27.11],[-68.88,-27.22],[-68.88,-27.3],[-68.94,-27.41],[-69.02,-27.46],[-69.08,-27.7],[-69.13,-27.77],[-68.85,-27.79],[-68.63,-27.75],[-68.55,-27.77],[-68.44,-27.74],[-68.43,-27.92],[-68.45,-27.99],[-68.36,-28.01],[-68.28,-28.09],[-68.14,-28.11],[-68.08,-28.16],[-67.93,-28.12],[-67.91,-28.25],[-67.81,-28.38],[-67.7,-28.34],[-67.19,-28.36],[-67.09,-28.34],[-66.98,-28.27],[-66.58,-28.4],[-66.5,-28.49],[-66.47,-28.63],[-66.33,-28.75],[-66.38,-28.82],[-66.33,-28.88],[-66.12,-28.97],[-65.79,-29.25],[-65.75,-29.32],[-65.73,-29.5],[-65.57,-29.84],[-65.4,-30.14],[-65.19,-30.09],[-64.94,-29.88],[-64.96,-29.61],[-64.88,-29.56],[-64.99,-29.39],[-65.03,-29.29],[-65.08,-29],[-65.09,-28.72],[-65.18,-28.65],[-65.18,-28.6],[-65.09,-28.51],[-65.07,-28.42],[-65.08,-28.27],[-65.17,-27.91],[-65.24,-27.92],[-65.35,-27.86],[-65.5,-27.96],[-65.57,-28.05],[-65.67,-27.95],[-65.71,-27.81],[-65.82,-27.81],[-65.92,-27.67],[-65.99,-27.43],[-66.09,-27.35],[-66.18,-27.33],[-66.15,-27.24],[-65.87,-26.92],[-65.85,-26.72],[-66.05,-26.58],[-66.14,-26.56],[-66.16,-26.5],[-66.05,-26.25],[-66.14,-26.18],[-66.22,-26.17],[-66.31,-26.26],[-66.36,-26.37],[-66.41,-26.39],[-66.52,-26.28],[-66.62,-26.1],[-66.8,-25.86],[-66.81,-25.73],[-66.73,-25.67],[-66.57,-25.67],[-66.51,-25.63],[-66.47,-25.47],[-66.53,-25.39],[-66.56,-25.27],[-67.81,-25.28],[-68.49,-25.16]]]},"properties":{"nombre":"Catamarca","pais":"ARG"}},
{"type":"Feature","geometry":{"type":"Polygon","coordinates":[[[-69.13,-27.77],[-69.17,-27.92],[-69.28,-27.98],[-69.41,-28.2],[-69.49,-28.2],[-69.55,-28.32],[-69.65,-28.4],[-69.42,-28.48],[-69.34,-28.48],[-69.19,-28.59],[-69.1,-28.78],[-69.02,-28.85],[-68.91,-29],[-69,-29.12],[-68.97,-29.33],[-68.98,-29.46],[-69.03,-29.57],[-69.01,-29.62],[-68.81,-29.63],[-68.7,-29.6],[-68.59,-29.65],[-68.5,-29.64],[-68.34,-29.68],[-68.29,-29.74],[-68.08,-29.88],[-67.93,-30.04],[-67.82,-30.1],[-67.59,-30.3],[-67.57,-30.38],[-67.49,-30.43],[-67.34,-30.57],[-67.25,-30.69],[-67.19,-30.71],[-67.08,-30.89],[-67.12,-31.01],[-67.06,-31.08],[-67.1,-31.35],[-67.04,-31.54],[-66.95,-31.61],[-66.85,-31.64],[-66.84,-31.75],[-66.78,-31.77],[-66.73,-31.88],[-66.22,-31.93],[-66.05,-31.87],[-65.93,-31.9],[-65.76,-31.89],[-65.77,-31.1],[-65.66,-30.78],[-65.57,-30.57],[-65.53,-30.42],[-65.48,-30.35],[-65.4,-30.14],[-65.57,-29.84],[-65.73,-29.5],[-65.75,-29.32],[-65.79,-29.25],[-66.12,-28.97],[-66.33,-28.88],[-66.38,-28.82],[-66.33,-28.75],[-66.47,-28.63],[-66.5,-28.49],[-66.58,-28.4],[-66.98,-28.27],[-67.09,-28.34],[-67.19,-28.36],[-67.7,-28.34],[-67.81,-28.38],[-67.91,-28.25],[-67.93,-28.12],[-68.08,-28.16],[-68.14,-28.11],[-68.28,-28.09],[-68.36,-28.01],[-68.45,-27.99],[-68.43,-27.92],[-68.44,-27.74],[-68.55,-27.77],[-68.63,-27.75],[-68.85,-27.79],[-69.13,-27.77]]]},"properties":{"nombre":"La Rioja","pais":"ARG"}},
{"type":"Feature","geometry":{"type":"Polygon","coordinates":[[[-69.65,-28.4],[-69.67,-28.56],[-69.76,-28.71],[-69.73,-28.79],[-69.8,-28.92],[-69.8,-29.1],[-69.92,-29.15],[-70.04,-29.3],[-69.93,-29.72],[-69.92,-29.94],[-69.97,-30.09],[-69.88,-30.1],[-69.84,-30.16],[-69.9,-30.31],[-70.03,-30.4],[-70.15,-30.35],[-70.14,-30.44],[-70.22,-30.52],[-70.32,-30.8],[-70.34,-31.04],[-70.39,-31.14],[-70.47,-31.09],[-70.54,-31.17],[-70.57,-31.3],[-70.59,-31.57],[-70.49,-31.73],[-70.43,-31.87],[-70.31,-31.88],[-70.24,-31.94],[-70.28,-32.05],[-70.39,-32.04],[-70.31,-32.29],[-70.26,-32.31],[-70.09,-32.29],[-69.98,-32.3],[-69.66,-32.26],[-69.63,-32.14],[-69.45,-32.05],[-69.3,-32.06],[-69.2,-31.96],[-69.14,-31.96],[-69.03,-32.08],[-68.92,-32.08],[-68.9,-32.33],[-68.69,-32.34],[-68.46,-32.21],[-68.39,-32.15],[-68.22,-32.13],[-68.17,-32.09],[-68.02,-32.07],[-67.83,-32.24],[-67.74,-32.25],[-67.49,-32.21],[-67.39,-32.26],[-67.39,-31.89],[-67.3,-31.85],[-67.23,-31.87],[-67.09,-31.85],[-66.98,-31.89],[-66.73,-31.88],[-66.78,-31.77],[-66.84,-31.75],[-66.85,-31.64],[-66.95,-31.61],[-67.04,-31.54],[-67.1,-31.35],[-67.06,-31.08],[-67.12,-31.01],[-67.08,-30.89],[-67.19,-30.71],[-67.25,-30.69],[-67.34,-30.57],[-67.49,-30.43],[-67.57,-30.38],[-67.59,-30.3],[-67.82,-30.1],[-67.93,-30.04],[-68.08,-29.88],[-68.29,-29.74],[-68.34,-29.68],[-68.5,-29.64],[-68.59,-29.65],[-68.7,-29.6],[-68.81,-29.63],[-69.01,-29.62],[-69.03,-29.57],[-68.98,-29.46],[-68.97,-29.33],[-69,-29.12],[-68.91,-29],[-69.02,-28.85],[-69.1,-28.78],[-69.19,-28.59],[-69.34,-28.48],[-69.42,-28.48],[-69.65,-28.4]]]},"properties":{"nombre":"San Juan","pais":"ARG"}},
{"type":"Feature","geometry":{"type":"Polygon","coordinates":[[[-70.26,-32.31],[-70.23,-32.44],[-70.16,-32.48],[-70.18,-32.63],[-70.16,-32.74],[-70,-32.89],[-70.03,-32.98],[-70.1,-33.02],[-70.11,-33.15],[-70.01,-33.3],[-69.94,-33.24],[-69.81,-33.29],[-69.82,-33.44],[-69.92,-33.79],[-69.91,-33.96],[-69.86,-33.98],[-69.86,-34.17],[-69.83,-34.24],[-70.06,-34.29],[-70.06,-34.4],[-70.23,-34.59],[-70.28,-34.8],[-70.35,-34.95],[-70.39,-35.17],[-70.54,-35.21],[-70.56,-35.3],[-70.44,-35.33],[-70.47,-35.4],[-70.41,-35.51],[-70.42,-35.66],[-70.36,-35.81],[-70.42,-35.87],[-70.38,-36.03],[-70.43,-36.13],[-70.37,-36.17],[-70.36,-36.37],[-70.27,-36.36],[-70.23,-36.47],[-70.15,-36.59],[-70.07,-36.61],[-69.94,-36.72],[-69.91,-36.8],[-69.79,-36.86],[-69.82,-37],[-69.74,-37.09],[-69.62,-37.15],[-69.48,-37.18],[-69.26,-37.15],[-69.09,-37.21],[-69.02,-37.34],[-68.94,-37.38],[-68.76,-37.37],[-68.68,-37.43],[-68.53,-37.44],[-68.43,-37.54],[-68.25,-37.56],[-68.25,-36.83],[-68.26,-36.28],[-68.29,-36.16],[-68.25,-36],[-67.14,-36],[-66.62,-36],[-66.63,-35.95],[-66.52,-35.49],[-66.5,-35.34],[-66.53,-35.2],[-66.5,-35.12],[-66.55,-35],[-66.57,-34.85],[-66.69,-34.66],[-66.74,-34.62],[-66.82,-34.24],[-66.75,-34.16],[-66.75,-34.06],[-66.83,-33.91],[-66.94,-33.83],[-67.02,-33.62],[-67.15,-33.43],[-67.18,-33.3],[-67.2,-32.99],[-67.23,-32.92],[-67.19,-32.76],[-67.25,-32.68],[-67.28,-32.54],[-67.36,-32.4],[-67.39,-32.26],[-67.49,-32.21],[-67.74,-32.25],[-67.83,-32.24],[-68.02,-32.07],[-68.17,-32.09],[-68.22,-32.13],[-68.39,-32.15],[-68.46,-32.21],[-68.69,-32.34],[-68.9,-32.33],[-68.92,-32.08],[-69.03,-32.08],[-69.14,-31.96],[-69.2,-31.96],[-69.3,-32.06],[-69.45,-32.05],[-69.63,-32.14],[-69.66,-32.26],[-69.98,-32.3],[-70.09,-32.29],[-70.26,-32.31]]]},"properties":{"nombre":"Mendoza","pais":"ARG"}},
{"type":"Feature","geometry":{"type":"Polygon","coordinates":[[[-70.43,-36.13],[-70.58,-36.14],[-70.71,-36.27],[-70.72,-36.41],[-70.89,-36.4],[-70.95,-36.48],[-71.04,-36.48],[-71.06,-36.67],[-71.15,-36.7],[-71.2,-36.85],[-71.14,-36.94],[-71.14,-37.2],[-71.21,-37.29],[-71.12,-37.44],[-71.13,-37.59],[-71.19,-37.71],[-71.09,-37.94],[-71.01,-38.07],[-71.02,-38.27],[-70.95,-38.46],[-70.83,-38.56],[-70.94,-38.75],[-71.05,-38.75],[-71.23,-38.81],[-71.42,-38.94],[-71.43,-39.03],[-71.4,-39.24],[-71.46,-39.43],[-71.54,-39.53],[-71.52,-39.62],[-71.72,-39.62],[-71.69,-39.83],[-71.62,-39.9],[-71.68,-40.01],[-71.68,-40.1],[-71.81,-40.09],[-71.82,-40.23],[-71.67,-40.32],[-71.72,-40.41],[-71.8,-40.43],[-71.86,-40.54],[-71.85,-40.62],[-71.96,-40.72],[-71.86,-40.91],[-71.87,-41.01],[-71.55,-41.03],[-71.36,-41.09],[-71.19,-41.07],[-71.03,-40.93],[-71.13,-40.78],[-70.99,-40.65],[-70.83,-40.59],[-70.64,-40.58],[-70.54,-40.51],[-70.44,-40.57],[-70.21,-40.54],[-70.19,-40.48],[-70.08,-40.42],[-70.08,-40.32],[-70.01,-40.2],[-69.97,-39.97],[-69.68,-39.82],[-69.54,-39.83],[-69.36,-39.72],[-69.27,-39.6],[-69.14,-39.53],[-68.94,-39.47],[-68.83,-39.37],[-68.8,-39.29],[-68.69,-39.23],[-68.61,-39.13],[-68.51,-39.09],[-68.32,-38.96],[-68.26,-39],[-68.01,-38.98],[-68.05,-38.9],[-68.25,-38.68],[-68.25,-37.56],[-68.43,-37.54],[-68.53,-37.44],[-68.68,-37.43],[-68.76,-37.37],[-68.94,-37.38],[-69.02,-37.34],[-69.09,-37.21],[-69.26,-37.15],[-69.48,-37.18],[-69.62,-37.15],[-69.74,-37.09],[-69.82,-37],[-69.79,-36.86],[-69.91,-36.8],[-69.94,-36.72],[-70.07,-36.61],[-70.15,-36.59],[-70.23,-36.47],[-70.27,-36.36],[-70.36,-36.37],[-70.37,-36.17],[-70.43,-36.13]]]},"properties":{"nombre":"Neuquén","pais":"ARG"}},
{"type":"Feature","geometry":{"type":"Polygon","coordinates":[[[-71.77,-42],[-71.77,-42.12],[-72.04,-42.15],[-72.12,-42.26],[-72.06,-42.37],[-72.04,-42.49],[-72.15,-42.59],[-72.11,-42.86],[-72.15,-43],[-72.1,-43.08],[-72.01,-43.12],[-71.86,-43.13],[-71.74,-43.19],[-71.76,-43.31],[-71.91,-43.33],[-71.93,-43.45],[-71.87,-43.54],[-71.72,-43.59],[-71.7,-43.67],[-71.79,-43.72],[-71.74,-43.84],[-71.66,-43.93],[-71.76,-44.06],[-71.86,-44.11],[-71.81,-44.19],[-71.82,-44.4],[-71.44,-44.4],[-71.23,-44.42],[-71.12,-44.53],[-71.2,-44.59],[-71.26,-44.78],[-71.38,-44.79],[-71.5,-44.74],[-71.63,-44.78],[-71.76,-44.75],[-71.83,-44.79],[-72.05,-44.76],[-72.09,-44.78],[-72.05,-44.91],[-71.89,-44.95],[-71.76,-44.93],[-71.59,-44.98],[-71.5,-45.11],[-71.34,-45.23],[-71.31,-45.3],[-71.37,-45.36],[-71.51,-45.41],[-71.53,-45.52],[-71.67,-45.52],[-71.77,-45.57],[-71.8,-45.74],[-71.77,-45.83],[-71.67,-45.88],[-71.65,-46],[-69.63,-46],[-68.37,-46],[-67.58,-46],[-67.55,-45.93],[-67.33,-45.72],[-67.33,-45.61],[-67.22,-45.53],[-67.01,-45.3],[-66.87,-45.24],[-66.52,-45.22],[-66.5,-45.09],[-66.11,-44.99],[-65.94,-45.05],[-65.75,-45.02],[-65.64,-45.05],[-65.53,-44.92],[-65.72,-44.87],[-65.7,-44.73],[-65.66,-44.68],[-65.42,-44.57],[-65.28,-44.49],[-65.29,-44.43],[-65.23,-44.39],[-65.3,-44.17],[-65.22,-44.14],[-65.24,-44.03],[-65.32,-43.83],[-65.33,-43.66],[-65.16,-43.48],[-65.04,-43.4],[-65.03,-43.3],[-64.77,-43.15],[-64.45,-43.07],[-64.33,-43.01],[-64.5,-42.94],[-64.59,-42.94],[-64.74,-42.87],[-65,-42.78],[-64.95,-42.65],[-64.8,-42.62],[-64.64,-42.52],[-64.44,-42.51],[-64.32,-42.54],[-64.2,-42.63],[-64.25,-42.77],[-64.14,-42.87],[-63.74,-42.83],[-63.62,-42.75],[-63.58,-42.59],[-63.59,-42.34],[-63.73,-42.1],[-63.81,-42.07],[-63.96,-42.11],[-64.16,-42.21],[-64.09,-42.26],[-64.05,-42.38],[-64.1,-42.43],[-64.32,-42.42],[-64.44,-42.45],[-64.6,-42.43],[-64.49,-42.28],[-64.64,-42.23],[-64.84,-42.2],[-64.97,-42.13],[-65.06,-42.01],[-65.13,-42],[-66.03,-42],[-66.88,-42],[-68.08,-42],[-69.4,-42],[-71.23,-42],[-71.77,-42]]]},"properties":{"nombre":"Chubut","pais":"ARG"}},
{"type":"Feature","geometry":{"type":"Polygon","coordinates":[[[-71.87,-41.01],[-71.85,-41.08],[-71.89,-41.2],[-71.89,-41.51],[-71.85,-41.57],[-71.93,-41.62],[-71.86,-41.79],[-71.79,-41.87],[-71.77,-42],[-71.23,-42],[-69.4,-42],[-68.08,-42],[-66.88,-42],[-66.03,-42],[-65.13,-42],[-65.06,-42.01],[-65.08,-41.95],[-65,-41.76],[-65.04,-41.66],[-64.99,-41.52],[-65.06,-41.45],[-65.15,-41.18],[-65.18,-40.97],[-65.12,-40.83],[-64.95,-40.71],[-64.8,-40.72],[-64.73,-40.83],[-64.42,-40.91],[-64.17,-41.01],[-63.97,-41.06],[-63.78,-41.16],[-63.48,-41.15],[-63.1,-41.16],[-62.8,-41.04],[-62.85,-40.95],[-63.1,-40.75],[-63.39,-40.71],[-63.39,-39.87],[-63.39,-39.33],[-63.52,-39.31],[-63.71,-39.2],[-63.82,-39.11],[-63.91,-39.09],[-63.99,-39.01],[-64.47,-38.85],[-64.82,-38.81],[-65.11,-38.8],[-65.36,-38.84],[-65.51,-38.78],[-65.67,-38.82],[-65.96,-38.74],[-66.22,-38.72],[-66.39,-38.73],[-66.57,-38.69],[-66.59,-38.61],[-66.68,-38.54],[-67.07,-38.41],[-67.14,-38.34],[-67.18,-38.22],[-67.38,-38.26],[-67.59,-38.25],[-67.71,-38.1],[-67.85,-38.05],[-67.88,-37.99],[-67.82,-37.88],[-67.72,-37.82],[-67.72,-37.7],[-67.85,-37.6],[-68.25,-37.56],[-68.25,-38.68],[-68.05,-38.9],[-68.01,-38.98],[-68.26,-39],[-68.32,-38.96],[-68.51,-39.09],[-68.61,-39.13],[-68.69,-39.23],[-68.8,-39.29],[-68.83,-39.37],[-68.94,-39.47],[-69.14,-39.53],[-69.27,-39.6],[-69.36,-39.72],[-69.54,-39.83],[-69.68,-39.82],[-69.97,-39.97],[-70.01,-40.2],[-70.08,-40.32],[-70.08,-40.42],[-70.19,-40.48],[-70.21,-40.54],[-70.44,-40.57],[-70.54,-40.51],[-70.64,-40.58],[-70.83,-40.59],[-70.99,-40.65],[-71.13,-40.78],[-71.03,-40.93],[-71.19,-41.07],[-71.36,-41.09],[-71.55,-41.03],[-71.87,-41.01]]]},"properties":{"nombre":"Río Negro","pais":"ARG"}},
{"type":"Feature","geometry":{"type":"Polygon","coordinates":[[[-71.65,-46],[-71.77,-46.11],[-71.89,-46.16],[-71.76,-46.24],[-71.76,-46.36],[-71.68,-46.54],[-71.68,-46.66],[-71.83,-46.79],[-71.95,-46.81],[-72,-47.04],[-71.89,-47.12],[-71.86,-47.2],[-72.04,-47.29],[-72.17,-47.41],[-72.29,-47.41],[-72.36,-47.63],[-72.46,-47.75],[-72.54,-47.91],[-72.33,-48.09],[-72.33,-48.29],[-72.43,-48.4],[-72.58,-48.45],[-72.61,-48.51],[-72.58,-48.76],[-72.62,-48.82],[-72.83,-48.95],[-72.97,-48.96],[-73.08,-49.06],[-73.18,-49.24],[-73.1,-49.27],[-73.12,-49.39],[-73.06,-49.55],[-73.2,-49.68],[-73.47,-49.76],[-73.57,-49.92],[-73.48,-50.02],[-73.53,-50.14],[-73.36,-50.23],[-73.28,-50.33],[-73.26,-50.57],[-73.19,-50.64],[-73.18,-50.75],[-73.05,-50.76],[-72.78,-50.62],[-72.62,-50.67],[-72.51,-50.6],[-72.31,-50.66],[-72.35,-50.74],[-72.26,-50.84],[-72.29,-51.03],[-72.41,-51.11],[-72.27,-51.22],[-72.32,-51.31],[-72.35,-51.58],[-72.28,-51.7],[-72.19,-51.72],[-71.98,-51.84],[-71.92,-51.99],[-71.39,-51.99],[-71.16,-52],[-70.48,-52],[-69.95,-52.01],[-69.48,-52.13],[-69.21,-52.14],[-68.82,-52.24],[-68.45,-52.3],[-68.4,-52.27],[-68.69,-52.01],[-68.97,-51.62],[-69.1,-51.65],[-69.17,-51.6],[-68.96,-51.5],[-69.08,-51.28],[-69.17,-50.98],[-69.13,-50.88],[-69.15,-50.74],[-69.08,-50.56],[-68.86,-50.32],[-68.44,-50.2],[-68.34,-50.12],[-68.08,-50.09],[-67.89,-50],[-67.77,-49.87],[-67.71,-49.69],[-67.71,-49.56],[-67.61,-49.27],[-67.67,-49.22],[-67.56,-49.02],[-67.41,-48.9],[-67.2,-48.82],[-67.14,-48.69],[-66.99,-48.61],[-66.87,-48.59],[-66.81,-48.51],[-66.65,-48.43],[-66.47,-48.4],[-66.32,-48.26],[-66.16,-48.19],[-66.11,-48.12],[-65.92,-48.11],[-65.95,-47.96],[-65.85,-47.88],[-65.9,-47.77],[-65.85,-47.74],[-65.76,-47.57],[-65.71,-47.34],[-65.75,-47.2],[-65.86,-47.11],[-66,-47.06],[-66.2,-47.09],[-66.37,-47.06],[-66.7,-47.04],[-66.79,-47.01],[-67.03,-46.82],[-67.13,-46.71],[-67.42,-46.57],[-67.58,-46.32],[-67.62,-46.16],[-67.58,-46],[-68.37,-46],[-69.63,-46],[-71.65,-46]]]},"properties":{"nombre":"Santa Cruz","pais":"ARG"}},
{"type":"Feature","geometry":{"type":"MultiPolygon","coordinates":[[[[-68.64,-54.78],[-68.55,-54.85],[-68.12,-54.82],[-68.08,-54.85],[-67.67,-54.88],[-67.03,-54.91],[-66.8,-54.94],[-66.68,-55.01],[-66.42,-55.05],[-66.32,-54.99],[-66.12,-55],[-65.99,-54.97],[-65.88,-54.9],[-65.5,-54.93],[-65.33,-54.91],[-65.24,-54.82],[-65.16,-54.64],[-65.31,-54.63],[-65.7,-54.66],[-65.86,-54.65],[-66.29,-54.52],[-66.65,-54.35],[-66.77,-54.25],[-67.14,-54.12],[-67.57,-53.91],[-67.56,-53.84],[-67.79,-53.73],[-67.98,-53.6],[-68.05,-53.52],[-68.11,-53.34],[-68.19,-53.31],[-68.45,-53.3],[-68.55,-53.24],[-68.52,-53.12],[-68.27,-52.98],[-68.31,-52.91],[-68.43,-52.84],[-68.63,-52.64],[-68.63,-53.44],[-68.64,-53.71],[-68.64,-54.78]]],[[[-63.89,-54.73],[-64.07,-54.75],[-64.17,-54.72],[-64.38,-54.72],[-64.58,-54.8],[-64.68,-54.77],[-64.76,-54.83],[-64.61,-54.9],[-64.31,-54.78],[-64.27,-54.83],[-63.89,-54.73]]]]},"properties":{"nombre":"Tierra del Fuego","pais":"ARG"}},
{"type":"Feature","geometry":{"type":"Polygon","coordinates":[[[-58.04,-31.51],[-57.91,-31.47],[-57.8,-31.51],[-57.76,-31.58],[-57.59,-31.61],[-57.46,-31.68],[-57.38,-31.68],[-57.33,-31.74],[-57.17,-31.8],[-56.93,-31.81],[-56.84,-31.79],[-56.65,-31.85],[-56.51,-31.87],[-56.37,-31.76],[-56.32,-31.75],[-56.35,-31.59],[-56.32,-31.51],[-56.18,-31.39],[-56.16,-31.3],[-56.18,-31.24],[-56.04,-31.18],[-56.01,-31.08],[-56.02,-31.07],[-56.18,-30.94],[-56.45,-30.89],[-56.49,-30.95],[-56.68,-31.04],[-56.8,-31.06],[-56.91,-31.04],[-57.07,-31.08],[-57.48,-30.88],[-57.56,-30.87],[-57.73,-30.75],[-57.8,-30.79],[-57.8,-30.89],[-57.9,-30.93],[-57.85,-31.06],[-57.9,-31.13],[-57.91,-31.25],[-57.99,-31.4],[-58.06,-31.44],[-58.04,-31.51]]]},"properties":{"nombre":"Salto","pais":"URY"}},
{"type":"Feature","geometry":{"type":"Polygon","coordinates":[[[-56.01,-31.08],[-56.04,-31.18],[-56.18,-31.24],[-56.16,-31.3],[-56.06,-31.26],[-55.83,-31.39],[-55.79,-31.52],[-55.67,-31.57],[-55.65,-31.77],[-55.62,-31.8],[-55.35,-31.8],[-55.1,-31.82],[-54.91,-31.86],[-54.81,-31.94],[-54.66,-32.12],[-54.61,-32.12],[-54.54,-32.02],[-54.59,-31.98],[-54.5,-31.84],[-54.52,-31.72],[-54.47,-31.66],[-54.48,-31.58],[-54.6,-31.46],[-54.85,-31.43],[-55.04,-31.27],[-55.09,-31.33],[-55.26,-31.23],[-55.35,-31.06],[-55.53,-30.89],[-55.61,-30.84],[-55.76,-31.01],[-55.86,-31.08],[-56.01,-31.08]]]},"properties":{"nombre":"Rivera","pais":"URY"}},
{"type":"Feature","geometry":{"type":"Polygon","coordinates":[[[-53.52,-33.12],[-53.77,-33.19],[-53.81,-33.25],[-53.95,-33.34],[-54.03,-33.43],[-54.13,-33.47],[-54.38,-33.65],[-54.37,-33.73],[-54.42,-33.86],[-54.48,-33.93],[-54.46,-34.09],[-54.49,-34.2],[-54.49,-34.39],[-54.54,-34.45],[-54.5,-34.57],[-54.54,-34.66],[-54.53,-34.81],[-54.29,-34.7],[-54.15,-34.67],[-54.12,-34.61],[-53.9,-34.44],[-53.77,-34.39],[-53.78,-34.34],[-53.71,-34.2],[-53.53,-34.05],[-53.49,-33.87],[-53.38,-33.74],[-53.54,-33.65],[-53.51,-33.4],[-53.54,-33.24],[-53.52,-33.12]]]},"properties":{"nombre":"Rocha","pais":"URY"}},
{"type":"Feature","geometry":{"type":"Polygon","coordinates":[[[-53.18,-32.8],[-53.4,-32.79],[-53.5,-32.75],[-53.83,-32.77],[-53.95,-32.7],[-54.06,-32.79],[-54.34,-32.72],[-54.49,-32.75],[-54.59,-32.82],[-54.68,-32.81],[-54.88,-32.86],[-55.03,-32.96],[-55.01,-33.02],[-55.11,-33.12],[-55.09,-33.25],[-55.12,-33.38],[-55,-33.34],[-54.91,-33.37],[-54.8,-33.34],[-54.72,-33.4],[-54.5,-33.45],[-54.29,-33.35],[-54.26,-33.4],[-54.13,-33.47],[-54.03,-33.43],[-53.95,-33.34],[-53.81,-33.25],[-53.77,-33.19],[-53.52,-33.12],[-53.45,-33.04],[-53.33,-32.97],[-53.3,-32.89],[-53.18,-32.8]]]},"properties":{"nombre":"Treinta y Tres","pais":"URY"}},
{"type":"Feature","geometry":{"type":"Polygon","coordinates":[[[-54.47,-31.66],[-54.52,-31.72],[-54.5,-31.84],[-54.59,-31.98],[-54.54,-32.02],[-54.61,-32.12],[-54.66,-32.12],[-54.76,-32.1],[-54.8,-32.25],[-54.92,-32.38],[-55.07,-32.48],[-55.24,-32.46],[-55.33,-32.49],[-55.3,-32.57],[-55.34,-32.67],[-55.31,-32.74],[-55.32,-32.9],[-55.16,-33.01],[-55.01,-33.02],[-55.03,-32.96],[-54.88,-32.86],[-54.68,-32.81],[-54.59,-32.82],[-54.49,-32.75],[-54.34,-32.72],[-54.06,-32.79],[-53.95,-32.7],[-53.83,-32.77],[-53.5,-32.75],[-53.4,-32.79],[-53.18,-32.8],[-53.11,-32.72],[-53.23,-32.62],[-53.42,-32.56],[-53.54,-32.47],[-53.65,-32.34],[-53.67,-32.23],[-53.76,-32.05],[-53.83,-32.04],[-53.93,-31.94],[-54.11,-31.88],[-54.15,-31.91],[-54.47,-31.66]]]},"properties":{"nombre":"Cerro Largo","pais":"URY"}},
{"type":"Feature","geometry":{"type":"MultiPolygon","coordinates":[[[[-60.29,-33.26],[-60.35,-33.42],[-60.41,-33.45],[-60.43,-33.55],[-60.52,-33.64],[-60.67,-33.58],[-60.91,-33.56],[-60.96,-33.68],[-61.71,-34.38],[-62.85,-34.38],[-63.34,-34.38],[-63.37,-34.41],[-63.38,-34.58],[-63.38,-35],[-63.39,-35.27],[-63.39,-36.4],[-63.39,-37.28],[-63.39,-38.27],[-63.39,-39.33],[-63.39,-39.87],[-63.39,-40.71],[-63.1,-40.75],[-62.85,-40.95],[-62.8,-41.04],[-62.73,-41.04],[-62.31,-40.85],[-62.23,-40.66],[-62.34,-40.49],[-62.41,-40.47],[-62.48,-40.32],[-62.37,-40.21],[-62.31,-39.86],[-62.16,-39.86],[-62.11,-39.82],[-62.07,-39.49],[-62.2,-39.4],[-62.17,-39.28],[-62.27,-39.28],[-62.35,-39.18],[-62.36,-39.1],[-62.29,-38.99],[-62.39,-38.81],[-62.16,-38.81],[-62.03,-38.94],[-61.84,-38.98],[-61.72,-38.97],[-61.52,-39.01],[-61.43,-38.98],[-61.14,-39],[-60.98,-38.97],[-60.87,-38.98],[-60.66,-38.94],[-60.34,-38.91],[-59.89,-38.84],[-59.8,-38.84],[-59.63,-38.78],[-59,-38.68],[-58.73,-38.59],[-58.57,-38.56],[-58.42,-38.5],[-58.31,-38.49],[-58.02,-38.37],[-57.59,-38.15],[-57.53,-38.07],[-57.54,-37.95],[-57.49,-37.83],[-57.31,-37.65],[-57.2,-37.57],[-57.06,-37.41],[-56.89,-37.16],[-56.69,-36.93],[-56.66,-36.85],[-56.67,-36.6],[-56.73,-36.33],[-56.93,-36.36],[-57.11,-36.28],[-57.25,-36.17],[-57.37,-35.99],[-57.39,-35.86],[-57.37,-35.76],[-57.15,-35.48],[-57.13,-35.42],[-57.2,-35.31],[-57.35,-35.15],[-57.52,-35.01],[-57.76,-34.91],[-57.87,-34.83],[-58.16,-34.75],[-58.31,-34.66],[-58.44,-34.77],[-58.54,-34.71],[-58.54,-34.57],[-58.47,-34.52],[-58.51,-34.45],[-58.45,-34.37],[-58.48,-34.28],[-58.38,-34.19],[-58.38,-34.07],[-58.45,-34.01],[-58.59,-34.05],[-58.68,-34.03],[-58.78,-33.95],[-58.85,-33.94],[-59.03,-33.83],[-59.17,-33.83],[-59.3,-33.74],[-59.39,-33.74],[-59.52,-33.66],[-59.6,-33.68],[-59.79,-33.6],[-59.84,-33.53],[-59.95,-33.49],[-60.12,-33.39],[-60.29,-33.26]]],[[[-62.16,-40.37],[-62.24,-40.51],[-62.11,-40.56],[-62.03,-40.45],[-62.16,-40.37]]],[[[-62.12,-40.13],[-62.13,-40.18],[-62.02,-40.34],[-62.02,-40.17],[-62.12,-40.13]]]]},"properties":{"nombre":"Buenos Aires","pais":"ARG"}},
{"type":"Feature","geometry":{"type":"MultiPolygon","coordinates":[[[[-48.72,-5.36],[-48.69,-5.31],[-48.58,-5.3],[-48.55,-5.23],[-48.46,-5.17],[-48.34,-5.16],[-48.15,-5.26],[-48.06,-5.27],[-47.98,-5.23],[-47.88,-5.26],[-47.82,-5.39],[-47.72,-5.39],[-47.55,-5.47],[-47.47,-5.59],[-47.48,-5.75],[-47.41,-5.91],[-47.43,-6.1],[-47.37,-6.23],[-47.41,-6.35],[-47.41,-6.5],[-47.49,-6.7],[-47.5,-6.85],[-47.48,-6.89],[-47.51,-7.01],[-47.59,-7.07],[-47.64,-7.16],[-47.73,-7.16],[-47.72,-7.23],[-47.66,-7.26],[-47.51,-7.28],[-47.5,-7.45],[-47.45,-7.54],[-47.4,-7.54],[-47.31,-7.64],[-47.28,-7.74],[-47.15,-7.86],[-47.02,-8.04],[-46.88,-7.96],[-46.58,-7.9],[-46.49,-7.96],[-46.47,-8.04],[-46.54,-8.33],[-46.49,-8.4],[-46.66,-8.4],[-46.8,-8.44],[-46.87,-8.55],[-46.92,-8.74],[-46.9,-8.83],[-46.99,-8.89],[-47.08,-9],[-47.03,-9.07],[-46.94,-9.07],[-46.84,-9.18],[-46.81,-9.36],[-46.67,-9.46],[-46.57,-9.49],[-46.53,-9.55],[-46.65,-9.66],[-46.67,-9.75],[-46.49,-9.87],[-46.47,-10.01],[-46.35,-10.17],[-46.22,-10.17],[-46.07,-10.22],[-45.95,-10.32],[-45.95,-10.16],[-45.85,-9.97],[-45.87,-9.9],[-45.83,-9.78],[-45.85,-9.69],[-45.84,-9.53],[-45.8,-9.48],[-45.82,-9.39],[-45.9,-9.33],[-45.93,-9.05],[-45.98,-8.9],[-45.93,-8.79],[-45.83,-8.71],[-45.76,-8.6],[-45.72,-8.4],[-45.61,-8.22],[-45.56,-8.08],[-45.54,-7.86],[-45.47,-7.67],[-45.28,-7.55],[-45.17,-7.54],[-44.91,-7.44],[-44.82,-7.36],[-44.71,-7.4],[-44.66,-7.32],[-44.5,-7.18],[-44.29,-7.09],[-44.14,-6.88],[-44.06,-6.83],[-44.04,-6.77],[-43.9,-6.75],[-43.82,-6.71],[-43.67,-6.7],[-43.56,-6.75],[-43.47,-6.84],[-43.28,-6.8],[-43.2,-6.75],[-43.15,-6.78],[-42.98,-6.75],[-42.88,-6.58],[-42.85,-6.25],[-42.96,-6.19],[-43.08,-6.05],[-43.11,-5.77],[-43.08,-5.71],[-43.1,-5.62],[-43.02,-5.57],[-42.98,-5.48],[-42.83,-5.31],[-42.84,-5.02],[-42.91,-4.83],[-42.95,-4.79],[-42.86,-4.5],[-42.92,-4.38],[-42.99,-4.31],[-42.98,-4.22],[-42.87,-4.11],[-42.84,-4.02],[-42.73,-3.92],[-42.66,-3.79],[-42.67,-3.71],[-42.63,-3.62],[-42.51,-3.48],[-42.25,-3.44],[-42.18,-3.4],[-42.1,-3.3],[-42,-3.23],[-41.93,-3.12],[-41.84,-3.03],[-41.81,-2.94],[-41.87,-2.85],[-41.84,-2.77],[-41.82,-2.73],[-42,-2.72],[-41.96,-2.78],[-42.03,-2.83],[-42.08,-2.8],[-42.27,-2.81],[-42.26,-2.76],[-42.45,-2.75],[-42.63,-2.64],[-42.7,-2.56],[-42.77,-2.56],[-42.94,-2.48],[-43.2,-2.38],[-43.36,-2.34],[-43.45,-2.34],[-43.43,-2.44],[-43.5,-2.52],[-43.62,-2.52],[-43.71,-2.56],[-43.74,-2.52],[-43.88,-2.57],[-43.92,-2.55],[-44.01,-2.63],[-44.07,-2.79],[-44.12,-2.76],[-44.34,-2.79],[-44.21,-2.69],[-44.14,-2.67],[-44.1,-2.58],[-44.03,-2.51],[-44.05,-2.4],[-44.22,-2.47],[-44.29,-2.48],[-44.37,-2.55],[-44.35,-2.66],[-44.41,-2.78],[-44.41,-2.91],[-44.48,-3.01],[-44.61,-3.11],[-44.66,-3.19],[-44.71,-3.14],[-44.62,-3.03],[-44.69,-3],[-44.69,-2.92],[-44.65,-2.77],[-44.48,-2.4],[-44.38,-2.4],[-44.36,-2.31],[-44.43,-2.16],[-44.5,-2.15],[-44.63,-2.27],[-44.66,-2.42],[-44.68,-2.27],[-44.8,-2.29],[-44.66,-2.23],[-44.61,-2.15],[-44.5,-2.05],[-44.49,-2],[-44.54,-1.83],[-44.68,-1.81],[-44.81,-1.66],[-44.91,-1.65],[-44.92,-1.58],[-45.01,-1.49],[-45.08,-1.48],[-45.16,-1.48],[-45.26,-1.61],[-45.22,-1.67],[-45.32,-1.75],[-45.37,-1.69],[-45.34,-1.61],[-45.39,-1.55],[-45.37,-1.47],[-45.3,-1.42],[-45.36,-1.35],[-45.4,-1.44],[-45.5,-1.46],[-45.42,-1.29],[-45.47,-1.35],[-45.55,-1.35],[-45.59,-1.29],[-45.67,-1.23],[-45.81,-1.27],[-45.87,-1.24],[-45.93,-1.2],[-46.09,-1.21],[-46.15,-1.25],[-46.16,-1.39],[-46.2,-1.48],[-46.2,-1.69],[-46.32,-1.74],[-46.3,-1.8],[-46.21,-1.82],[-46.21,-1.93],[-46.3,-2.18],[-46.41,-2.24],[-46.45,-2.36],[-46.43,-2.53],[-46.51,-2.62],[-46.62,-2.68],[-46.67,-2.74],[-46.59,-2.85],[-46.65,-2.89],[-46.64,-3.01],[-46.72,-3.14],[-46.82,-3.33],[-46.87,-3.33],[-46.95,-3.4],[-46.95,-3.49],[-47.03,-3.57],[-47.08,-3.88],[-47.2,-4],[-47.32,-4.08],[-47.37,-4.27],[-47.46,-4.37],[-47.58,-4.55],[-47.65,-4.61],[-47.8,-4.6],[-48.25,-4.95],[-48.73,-5.34],[-48.72,-5.36]]],[[[-44.5,-2.81],[-44.58,-2.86],[-44.5,-2.95],[-44.5,-2.81]]],[[[-43.63,-2.25],[-43.7,-2.27],[-43.74,-2.4],[-43.63,-2.4],[-43.63,-2.25]]],[[[-44.89,-1.27],[-44.97,-1.26],[-45.02,-1.32],[-44.98,-1.4],[-44.9,-1.33],[-44.89,-1.27]]]]},"properties":{"nombre":"Maranhão","pais":"BRA"}},
{"type":"Feature","geometry":{"type":"Polygon","coordinates":[[[-45.95,-10.32],[-45.76,-10.33],[-45.6,-10.33],[-45.47,-10.48],[-45.44,-10.62],[-45.34,-10.76],[-45.04,-10.9],[-44.93,-10.86],[-44.78,-10.86],[-44.75,-10.78],[-44.65,-10.74],[-44.54,-10.63],[-44.41,-10.59],[-44.24,-10.63],[-44.15,-10.61],[-43.99,-10.45],[-43.91,-10.43],[-43.81,-10.22],[-43.76,-10.17],[-43.7,-10.04],[-43.71,-9.93],[-43.68,-9.8],[-43.74,-9.73],[-43.78,-9.58],[-43.84,-9.48],[-43.82,-9.43],[-43.68,-9.43],[-43.63,-9.34],[-43.51,-9.36],[-43.45,-9.3],[-43.36,-9.43],[-43.21,-9.41],[-43.11,-9.37],[-42.93,-9.45],[-42.94,-9.51],[-42.85,-9.55],[-42.72,-9.52],[-42.63,-9.57],[-42.59,-9.49],[-42.48,-9.5],[-42.34,-9.32],[-42.27,-9.32],[-42.1,-9.27],[-42.05,-9.21],[-41.91,-9.21],[-41.84,-9.25],[-41.73,-9.14],[-41.75,-9],[-41.5,-8.94],[-41.37,-8.71],[-41.21,-8.63],[-41.15,-8.54],[-41.09,-8.53],[-41.02,-8.42],[-40.91,-8.43],[-40.89,-8.35],[-40.82,-8.36],[-40.75,-8.24],[-40.69,-8.21],[-40.58,-8.1],[-40.54,-8.03],[-40.53,-7.91],[-40.57,-7.81],[-40.65,-7.77],[-40.63,-7.61],[-40.7,-7.48],[-40.68,-7.41],[-40.54,-7.39],[-40.53,-7.31],[-40.58,-7.2],[-40.51,-7],[-40.41,-6.84],[-40.46,-6.75],[-40.62,-6.71],[-40.72,-6.65],[-40.72,-6.57],[-40.8,-6.39],[-40.79,-6.28],[-40.89,-6.01],[-40.88,-5.95],[-40.92,-5.71],[-40.91,-5.62],[-40.94,-5.43],[-41.07,-5.31],[-41.06,-5.17],[-41.12,-5.01],[-41.19,-4.92],[-41.18,-4.81],[-41.23,-4.72],[-41.24,-4.54],[-41.07,-4.33],[-41.13,-4.16],[-41.23,-4.04],[-41.3,-3.79],[-41.37,-3.67],[-41.45,-3.44],[-41.43,-3.32],[-41.38,-3.27],[-41.26,-3.08],[-41.25,-3.01],[-41.34,-2.92],[-41.62,-2.9],[-41.68,-2.86],[-41.78,-2.78],[-41.84,-2.77],[-41.87,-2.85],[-41.81,-2.94],[-41.84,-3.03],[-41.93,-3.12],[-42,-3.23],[-42.1,-3.3],[-42.18,-3.4],[-42.25,-3.44],[-42.51,-3.48],[-42.63,-3.62],[-42.67,-3.71],[-42.66,-3.79],[-42.73,-3.92],[-42.84,-4.02],[-42.87,-4.11],[-42.98,-4.22],[-42.99,-4.31],[-42.92,-4.38],[-42.86,-4.5],[-42.95,-4.79],[-42.91,-4.83],[-42.84,-5.02],[-42.83,-5.31],[-42.98,-5.48],[-43.02,-5.57],[-43.1,-5.62],[-43.08,-5.71],[-43.11,-5.77],[-43.08,-6.05],[-42.96,-6.19],[-42.85,-6.25],[-42.88,-6.58],[-42.98,-6.75],[-43.15,-6.78],[-43.2,-6.75],[-43.28,-6.8],[-43.47,-6.84],[-43.56,-6.75],[-43.67,-6.7],[-43.82,-6.71],[-43.9,-6.75],[-44.04,-6.77],[-44.06,-6.83],[-44.14,-6.88],[-44.29,-7.09],[-44.5,-7.18],[-44.66,-7.32],[-44.71,-7.4],[-44.82,-7.36],[-44.91,-7.44],[-45.17,-7.54],[-45.28,-7.55],[-45.47,-7.67],[-45.54,-7.86],[-45.56,-8.08],[-45.61,-8.22],[-45.72,-8.4],[-45.76,-8.6],[-45.83,-8.71],[-45.93,-8.79],[-45.98,-8.9],[-45.93,-9.05],[-45.9,-9.33],[-45.82,-9.39],[-45.8,-9.48],[-45.84,-9.53],[-45.85,-9.69],[-45.83,-9.78],[-45.87,-9.9],[-45.85,-9.97],[-45.95,-10.16],[-45.95,-10.32]]]},"properties":{"nombre":"Piauí","pais":"BRA"}},
{"type":"Feature","geometry":{"type":"Polygon","coordinates":[[[-40.54,-7.39],[-40.26,-7.39],[-40.17,-7.42],[-40.06,-7.41],[-39.95,-7.36],[-39.85,-7.35],[-39.65,-7.37],[-39.58,-7.44],[-39.35,-7.55],[-39.25,-7.68],[-39.1,-7.76],[-39.08,-7.84],[-38.98,-7.85],[-38.92,-7.76],[-38.84,-7.71],[-38.7,-7.62],[-38.54,-7.35],[-38.54,-7.25],[-38.68,-7.16],[-38.67,-7.06],[-38.74,-7],[-38.73,-6.89],[-38.65,-6.84],[-38.62,-6.75],[-38.65,-6.71],[-38.58,-6.48],[-38.53,-6.38],[-38.59,-6.41],[-38.59,-6.27],[-38.55,-6.24],[-38.46,-6.08],[-38.34,-6.09],[-38.13,-5.88],[-38.07,-5.74],[-38.05,-5.61],[-37.92,-5.48],[-37.73,-5.07],[-37.54,-4.93],[-37.24,-4.83],[-37.27,-4.74],[-37.51,-4.62],[-37.61,-4.61],[-37.68,-4.55],[-37.77,-4.4],[-37.85,-4.38],[-38.03,-4.24],[-38.11,-4.16],[-38.25,-3.96],[-38.38,-3.87],[-38.46,-3.72],[-38.66,-3.68],[-38.81,-3.55],[-38.9,-3.5],[-39.02,-3.38],[-39.08,-3.38],[-39.34,-3.2],[-39.48,-3.15],[-39.64,-3.04],[-39.8,-2.98],[-39.87,-2.91],[-39.99,-2.85],[-40.19,-2.82],[-40.4,-2.81],[-40.48,-2.79],[-40.58,-2.83],[-40.75,-2.84],[-41.08,-2.88],[-41.27,-2.88],[-41.25,-3.01],[-41.26,-3.08],[-41.38,-3.27],[-41.43,-3.32],[-41.45,-3.44],[-41.37,-3.67],[-41.3,-3.79],[-41.23,-4.04],[-41.13,-4.16],[-41.07,-4.33],[-41.24,-4.54],[-41.23,-4.72],[-41.18,-4.81],[-41.19,-4.92],[-41.12,-5.01],[-41.06,-5.17],[-41.07,-5.31],[-40.94,-5.43],[-40.91,-5.62],[-40.92,-5.71],[-40.88,-5.95],[-40.89,-6.01],[-40.79,-6.28],[-40.8,-6.39],[-40.72,-6.57],[-40.72,-6.65],[-40.62,-6.71],[-40.46,-6.75],[-40.41,-6.84],[-40.51,-7],[-40.58,-7.2],[-40.53,-7.31],[-40.54,-7.39]]]},"properties":{"nombre":"Ceará","pais":"BRA"}},
{"type":"Feature","geometry":{"type":"Polygon","coordinates":[[[-38.53,-6.38],[-38.27,-6.5],[-38.13,-6.52],[-38.06,-6.44],[-38,-6.43],[-37.84,-6.34],[-37.78,-6.27],[-37.74,-6.16],[-37.54,-6.09],[-37.42,-6.1],[-37.25,-6.02],[-37.18,-6.05],[-37.17,-6.12],[-37.23,-6.17],[-37.4,-6.39],[-37.43,-6.52],[-37.5,-6.55],[-37.52,-6.68],[-37.32,-6.7],[-37.21,-6.82],[-36.98,-6.71],[-36.8,-6.76],[-36.74,-6.82],[-36.77,-6.91],[-36.71,-6.98],[-36.64,-6.92],[-36.58,-6.93],[-36.5,-6.78],[-36.54,-6.71],[-36.51,-6.61],[-36.52,-6.48],[-36.48,-6.37],[-36.38,-6.3],[-36.29,-6.3],[-36.25,-6.41],[-35.92,-6.47],[-35.65,-6.43],[-35.47,-6.46],[-35.31,-6.53],[-35.26,-6.51],[-35.08,-6.52],[-34.96,-6.5],[-34.98,-6.39],[-35.03,-6.33],[-35.09,-6.19],[-35.1,-6],[-35.15,-5.93],[-35.17,-5.8],[-35.26,-5.48],[-35.4,-5.23],[-35.51,-5.14],[-35.92,-5.06],[-36.02,-5.05],[-36.13,-5.1],[-36.42,-5.08],[-36.59,-5.1],[-36.76,-5.07],[-36.9,-4.94],[-37.05,-4.94],[-37.18,-4.91],[-37.24,-4.83],[-37.54,-4.93],[-37.73,-5.07],[-37.92,-5.48],[-38.05,-5.61],[-38.07,-5.74],[-38.13,-5.88],[-38.34,-6.09],[-38.46,-6.08],[-38.55,-6.24],[-38.59,-6.27],[-38.59,-6.41],[-38.53,-6.38]]]},"properties":{"nombre":"Rio Grande do Norte","pais":"BRA"}},
{"type":"Feature","geometry":{"type":"Polygon","coordinates":[[[-38.7,-7.62],[-38.53,-7.77],[-38.35,-7.7],[-38.24,-7.85],[-38.16,-7.78],[-38.09,-7.82],[-38.05,-7.75],[-37.96,-7.77],[-37.89,-7.67],[-37.79,-7.64],[-37.71,-7.55],[-37.55,-7.48],[-37.48,-7.36],[-37.37,-7.34],[-37.25,-7.27],[-37.08,-7.39],[-37.02,-7.39],[-37.01,-7.51],[-37.21,-7.59],[-37.17,-7.78],[-37.22,-7.81],[-37.34,-8],[-37.19,-7.96],[-37.15,-8.03],[-37.12,-8.18],[-37,-8.27],[-36.94,-8.28],[-36.77,-8.21],[-36.65,-8.12],[-36.66,-8.02],[-36.57,-7.92],[-36.46,-7.92],[-36.43,-7.83],[-35.95,-7.82],[-35.86,-7.76],[-35.66,-7.7],[-35.56,-7.65],[-35.49,-7.45],[-35.39,-7.47],[-35.29,-7.38],[-35.04,-7.42],[-34.98,-7.51],[-34.89,-7.54],[-34.82,-7.54],[-34.8,-7.37],[-34.8,-7.15],[-34.91,-7.09],[-34.86,-6.92],[-34.92,-6.86],[-34.94,-6.69],[-34.97,-6.62],[-34.96,-6.5],[-35.08,-6.52],[-35.26,-6.51],[-35.31,-6.53],[-35.47,-6.46],[-35.65,-6.43],[-35.92,-6.47],[-36.25,-6.41],[-36.29,-6.3],[-36.38,-6.3],[-36.48,-6.37],[-36.52,-6.48],[-36.51,-6.61],[-36.54,-6.71],[-36.5,-6.78],[-36.58,-6.93],[-36.64,-6.92],[-36.71,-6.98],[-36.77,-6.91],[-36.74,-6.82],[-36.8,-6.76],[-36.98,-6.71],[-37.21,-6.82],[-37.32,-6.7],[-37.52,-6.68],[-37.5,-6.55],[-37.43,-6.52],[-37.4,-6.39],[-37.23,-6.17],[-37.17,-6.12],[-37.18,-6.05],[-37.25,-6.02],[-37.42,-6.1],[-37.54,-6.09],[-37.74,-6.16],[-37.78,-6.27],[-37.84,-6.34],[-38,-6.43],[-38.06,-6.44],[-38.13,-6.52],[-38.27,-6.5],[-38.53,-6.38],[-38.58,-6.48],[-38.65,-6.71],[-38.62,-6.75],[-38.65,-6.84],[-38.73,-6.89],[-38.74,-7],[-38.67,-7.06],[-38.68,-7.16],[-38.54,-7.25],[-38.54,-7.35],[-38.7,-7.62]]]},"properties":{"nombre":"Paraíba","pais":"BRA"}},
{"type":"Feature","geometry":{"type":"Polygon","coordinates":[[[-41.37,-8.71],[-41.28,-8.74],[-41.12,-8.71],[-41.1,-8.78],[-41,-8.77],[-40.98,-8.82],[-40.89,-8.85],[-40.9,-9.03],[-40.86,-9.13],[-40.7,-9.22],[-40.69,-9.35],[-40.71,-9.45],[-40.64,-9.49],[-40.55,-9.46],[-40.42,-9.36],[-40.34,-9.37],[-40.27,-9.1],[-40.21,-9.06],[-40.11,-9.1],[-39.95,-9.03],[-39.89,-8.96],[-39.9,-8.83],[-39.68,-8.77],[-39.69,-8.66],[-39.6,-8.64],[-39.4,-8.53],[-39.27,-8.58],[-39.22,-8.68],[-39.03,-8.73],[-38.97,-8.79],[-38.85,-8.77],[-38.69,-8.87],[-38.66,-8.97],[-38.6,-8.95],[-38.59,-8.86],[-38.53,-8.82],[-38.47,-8.89],[-38.48,-9],[-38.38,-9.03],[-38.31,-8.99],[-38.31,-9.14],[-38.23,-9.33],[-38.11,-9.2],[-38,-9.16],[-37.81,-8.98],[-37.81,-8.89],[-37.72,-8.89],[-37.64,-8.99],[-37.52,-8.94],[-37.47,-9.01],[-37.39,-9.04],[-37.18,-9.24],[-37.02,-9.29],[-36.94,-9.36],[-36.88,-9.27],[-36.83,-9.26],[-36.59,-9.3],[-36.44,-9.21],[-36.35,-9.2],[-36.24,-9.09],[-36.12,-9.02],[-36.07,-8.93],[-36.01,-8.89],[-35.8,-8.87],[-35.74,-8.92],[-35.61,-8.86],[-35.47,-8.83],[-35.39,-8.88],[-35.15,-8.91],[-35.13,-8.81],[-35.03,-8.58],[-34.81,-7.91],[-34.88,-7.75],[-34.86,-7.71],[-34.84,-7.66],[-34.8,-7.62],[-34.89,-7.54],[-34.98,-7.51],[-35.04,-7.42],[-35.29,-7.38],[-35.39,-7.47],[-35.49,-7.45],[-35.56,-7.65],[-35.66,-7.7],[-35.86,-7.76],[-35.95,-7.82],[-36.43,-7.83],[-36.46,-7.92],[-36.57,-7.92],[-36.66,-8.02],[-36.65,-8.12],[-36.77,-8.21],[-36.94,-8.28],[-37,-8.27],[-37.12,-8.18],[-37.15,-8.03],[-37.19,-7.96],[-37.34,-8],[-37.22,-7.81],[-37.17,-7.78],[-37.21,-7.59],[-37.01,-7.51],[-37.02,-7.39],[-37.08,-7.39],[-37.25,-7.27],[-37.37,-7.34],[-37.48,-7.36],[-37.55,-7.48],[-37.71,-7.55],[-37.79,-7.64],[-37.89,-7.67],[-37.96,-7.77],[-38.05,-7.75],[-38.09,-7.82],[-38.16,-7.78],[-38.24,-7.85],[-38.35,-7.7],[-38.53,-7.77],[-38.7,-7.62],[-38.84,-7.71],[-38.92,-7.76],[-38.98,-7.85],[-39.08,-7.84],[-39.1,-7.76],[-39.25,-7.68],[-39.35,-7.55],[-39.58,-7.44],[-39.65,-7.37],[-39.85,-7.35],[-39.95,-7.36],[-40.06,-7.41],[-40.17,-7.42],[-40.26,-7.39],[-40.54,-7.39],[-40.68,-7.41],[-40.7,-7.48],[-40.63,-7.61],[-40.65,-7.77],[-40.57,-7.81],[-40.53,-7.91],[-40.54,-8.03],[-40.58,-8.1],[-40.69,-8.21],[-40.75,-8.24],[-40.82,-8.36],[-40.89,-8.35],[-40.91,-8.43],[-41.02,-8.42],[-41.09,-8.53],[-41.15,-8.54],[-41.21,-8.63],[-41.37,-8.71]]]},"properties":{"nombre":"Pernambuco","pais":"BRA"}},
{"type":"Feature","geometry":{"type":"Polygon","coordinates":[[[-38.23,-9.33],[-38.18,-9.43],[-38.02,-9.47],[-38,-9.53],[-37.77,-9.63],[-37.7,-9.64],[-37.57,-9.73],[-37.47,-9.73],[-37.3,-9.8],[-37.22,-9.9],[-37.12,-9.91],[-37.04,-9.98],[-36.94,-10.02],[-36.94,-10.1],[-36.82,-10.21],[-36.69,-10.27],[-36.62,-10.25],[-36.56,-10.33],[-36.56,-10.42],[-36.45,-10.41],[-36.41,-10.5],[-36.29,-10.35],[-36.25,-10.25],[-36.05,-10.08],[-35.95,-9.91],[-35.88,-9.86],[-35.85,-9.73],[-35.79,-9.67],[-35.71,-9.68],[-35.66,-9.58],[-35.57,-9.52],[-35.44,-9.33],[-35.39,-9.31],[-35.15,-8.91],[-35.39,-8.88],[-35.47,-8.83],[-35.61,-8.86],[-35.74,-8.92],[-35.8,-8.87],[-36.01,-8.89],[-36.07,-8.93],[-36.12,-9.02],[-36.24,-9.09],[-36.35,-9.2],[-36.44,-9.21],[-36.59,-9.3],[-36.83,-9.26],[-36.88,-9.27],[-36.94,-9.36],[-37.02,-9.29],[-37.18,-9.24],[-37.39,-9.04],[-37.47,-9.01],[-37.52,-8.94],[-37.64,-8.99],[-37.72,-8.89],[-37.81,-8.89],[-37.81,-8.98],[-38,-9.16],[-38.11,-9.2],[-38.23,-9.33]]]},"properties":{"nombre":"Alagoas","pais":"BRA"}},
{"type":"Feature","geometry":{"type":"Polygon","coordinates":[[[-38,-9.53],[-38.05,-9.62],[-38.03,-9.72],[-37.96,-9.87],[-37.82,-10.02],[-37.77,-10.1],[-37.78,-10.3],[-37.84,-10.42],[-37.8,-10.67],[-38.01,-10.76],[-38.08,-10.71],[-38.18,-10.71],[-38.24,-10.82],[-38.24,-10.88],[-38.18,-10.98],[-38.1,-11.04],[-38.07,-11.16],[-37.99,-11.21],[-38.01,-11.36],[-37.89,-11.41],[-37.8,-11.52],[-37.68,-11.57],[-37.63,-11.52],[-37.48,-11.52],[-37.38,-11.43],[-37.32,-11.41],[-37.26,-11.27],[-37.16,-11.18],[-37.21,-11.09],[-37.12,-11.12],[-37.04,-10.95],[-36.9,-10.77],[-36.77,-10.67],[-36.58,-10.55],[-36.41,-10.5],[-36.45,-10.41],[-36.56,-10.42],[-36.56,-10.33],[-36.62,-10.25],[-36.69,-10.27],[-36.82,-10.21],[-36.94,-10.1],[-36.94,-10.02],[-37.04,-9.98],[-37.12,-9.91],[-37.22,-9.9],[-37.3,-9.8],[-37.47,-9.73],[-37.57,-9.73],[-37.7,-9.64],[-37.77,-9.63],[-38,-9.53]]]},"properties":{"nombre":"Sergipe","pais":"BRA"}},
{"type":"Feature","geometry":{"type":"MultiPolygon","coordinates":[[[[-45.76,-10.33],[-45.85,-10.47],[-45.93,-10.5],[-46.19,-10.66],[-46.3,-10.76],[-46.25,-10.92],[-46.37,-10.97],[-46.46,-11.18],[-46.53,-11.23],[-46.57,-11.35],[-46.43,-11.5],[-46.19,-11.54],[-46.08,-11.61],[-46.12,-11.68],[-46.27,-11.74],[-46.26,-11.84],[-46.17,-11.83],[-46.07,-11.91],[-46.2,-11.99],[-46.34,-12.11],[-46.34,-12.35],[-46.27,-12.46],[-46.16,-12.49],[-46.16,-12.6],[-46.24,-12.73],[-46.23,-12.8],[-46.06,-12.94],[-46.15,-13.03],[-46.18,-13.22],[-46.08,-13.25],[-46.08,-13.33],[-46.19,-13.4],[-46.27,-13.64],[-46.26,-13.87],[-46.22,-14],[-46.12,-14.2],[-46,-14.31],[-45.92,-14.35],[-45.97,-14.51],[-45.92,-14.64],[-45.92,-14.74],[-46.02,-14.87],[-45.98,-14.98],[-46.04,-15.15],[-45.98,-15.2],[-45.92,-15.12],[-45.77,-15.15],[-45.68,-15.09],[-45.58,-14.96],[-45.49,-14.95],[-45.32,-14.86],[-45.21,-14.73],[-45.1,-14.72],[-44.88,-14.6],[-44.81,-14.51],[-44.66,-14.4],[-44.33,-14.25],[-44.08,-14.27],[-43.79,-14.34],[-43.87,-14.5],[-43.87,-14.66],[-43.71,-14.74],[-43.49,-14.79],[-43.39,-14.7],[-43.21,-14.63],[-42.95,-14.68],[-42.64,-14.94],[-42.57,-14.93],[-42.48,-15],[-42.29,-15.1],[-42.17,-15.11],[-42.1,-15.16],[-41.93,-15.17],[-41.8,-15.11],[-41.36,-15.49],[-41.33,-15.72],[-41.14,-15.78],[-40.95,-15.67],[-40.82,-15.68],[-40.76,-15.74],[-40.63,-15.72],[-40.54,-15.8],[-40.46,-15.78],[-40.35,-15.82],[-40.22,-15.82],[-40.21,-15.86],[-40.07,-15.93],[-40,-16],[-39.94,-16],[-39.86,-16.14],[-39.91,-16.2],[-39.93,-16.3],[-40.06,-16.39],[-40.13,-16.5],[-40.27,-16.58],[-40.28,-16.77],[-40.24,-16.82],[-40.29,-16.88],[-40.52,-16.91],[-40.57,-17.1],[-40.56,-17.26],[-40.61,-17.4],[-40.49,-17.42],[-40.5,-17.52],[-40.41,-17.56],[-40.37,-17.64],[-40.19,-17.79],[-40.23,-17.94],[-40.21,-17.98],[-40.18,-18.01],[-39.67,-18.32],[-39.62,-18.19],[-39.5,-18.01],[-39.42,-17.92],[-39.27,-17.87],[-39.26,-17.82],[-39.14,-17.68],[-39.19,-17.58],[-39.19,-17.43],[-39.22,-17.3],[-39.21,-17.16],[-39.12,-16.9],[-39.14,-16.8],[-39.09,-16.66],[-39.05,-16.44],[-39.01,-16.36],[-39.01,-16.27],[-38.95,-16.17],[-38.95,-16.08],[-38.86,-15.84],[-38.92,-15.72],[-39,-15.23],[-39.02,-14.82],[-39.07,-14.65],[-39.03,-14.54],[-38.99,-14.21],[-38.92,-14],[-38.93,-13.9],[-39,-13.88],[-38.97,-13.65],[-38.99,-13.53],[-39.07,-13.44],[-39.04,-13.37],[-38.96,-13.36],[-38.96,-13.27],[-38.81,-13.14],[-38.9,-13.08],[-38.82,-13.04],[-38.74,-12.88],[-38.78,-12.81],[-38.74,-12.74],[-38.72,-12.61],[-38.63,-12.7],[-38.51,-12.72],[-38.48,-12.85],[-38.54,-13],[-38.51,-13.02],[-38.32,-12.94],[-38.15,-12.73],[-38.05,-12.64],[-37.79,-12.27],[-37.6,-11.95],[-37.55,-11.8],[-37.41,-11.5],[-37.48,-11.52],[-37.63,-11.52],[-37.68,-11.57],[-37.8,-11.52],[-37.89,-11.41],[-38.01,-11.36],[-37.99,-11.21],[-38.07,-11.16],[-38.1,-11.04],[-38.18,-10.98],[-38.24,-10.88],[-38.24,-10.82],[-38.18,-10.71],[-38.08,-10.71],[-38.01,-10.76],[-37.8,-10.67],[-37.84,-10.42],[-37.78,-10.3],[-37.77,-10.1],[-37.82,-10.02],[-37.96,-9.87],[-38.03,-9.72],[-38.05,-9.62],[-38,-9.53],[-38.02,-9.47],[-38.18,-9.43],[-38.23,-9.33],[-38.31,-9.14],[-38.31,-8.99],[-38.38,-9.03],[-38.48,-9],[-38.47,-8.89],[-38.53,-8.82],[-38.59,-8.86],[-38.6,-8.95],[-38.66,-8.97],[-38.69,-8.87],[-38.85,-8.77],[-38.97,-8.79],[-39.03,-8.73],[-39.22,-8.68],[-39.27,-8.58],[-39.4,-8.53],[-39.6,-8.64],[-39.69,-8.66],[-39.68,-8.77],[-39.9,-8.83],[-39.89,-8.96],[-39.95,-9.03],[-40.11,-9.1],[-40.21,-9.06],[-40.27,-9.1],[-40.34,-9.37],[-40.42,-9.36],[-40.55,-9.46],[-40.64,-9.49],[-40.71,-9.45],[-40.69,-9.35],[-40.7,-9.22],[-40.86,-9.13],[-40.9,-9.03],[-40.89,-8.85],[-40.98,-8.82],[-41,-8.77],[-41.1,-8.78],[-41.12,-8.71],[-41.28,-8.74],[-41.37,-8.71],[-41.5,-8.94],[-41.75,-9],[-41.73,-9.14],[-41.84,-9.25],[-41.91,-9.21],[-42.05,-9.21],[-42.1,-9.27],[-42.27,-9.32],[-42.34,-9.32],[-42.48,-9.5],[-42.59,-9.49],[-42.63,-9.57],[-42.72,-9.52],[-42.85,-9.55],[-42.94,-9.51],[-42.93,-9.45],[-43.11,-9.37],[-43.21,-9.41],[-43.36,-9.43],[-43.45,-9.3],[-43.51,-9.36],[-43.63,-9.34],[-43.68,-9.43],[-43.82,-9.43],[-43.84,-9.48],[-43.78,-9.58],[-43.74,-9.73],[-43.68,-9.8],[-43.71,-9.93],[-43.7,-10.04],[-43.76,-10.17],[-43.81,-10.22],[-43.91,-10.43],[-43.99,-10.45],[-44.15,-10.61],[-44.24,-10.63],[-44.41,-10.59],[-44.54,-10.63],[-44.65,-10.74],[-44.75,-10.78],[-44.78,-10.86],[-44.93,-10.86],[-45.04,-10.9],[-45.34,-10.76],[-45.44,-10.62],[-45.47,-10.48],[-45.6,-10.33],[-45.76,-10.33]]],[[[-38.94,-13.39],[-39.03,-13.39],[-39.05,-13.46],[-38.93,-13.54],[-38.9,-13.45],[-38.94,-13.39]]],[[[-38.62,-12.93],[-38.79,-13.06],[-38.79,-13.13],[-38.64,-13.01],[-38.62,-12.93]]]]},"properties":{"nombre":"Bahia","pais":"BRA"}},
{"type":"Feature","geometry":{"type":"Polygon","coordinates":[[[-40.21,-17.98],[-40.42,-17.9],[-40.51,-17.9],[-40.64,-17.95],[-40.79,-17.97],[-40.92,-17.96],[-40.77,-18.1],[-40.84,-18.15],[-40.91,-18.1],[-41.08,-18.2],[-41.11,-18.27],[-41.09,-18.36],[-41,-18.45],[-41.03,-18.66],[-40.94,-18.67],[-40.92,-18.8],[-40.98,-18.83],[-41.21,-18.81],[-41.21,-18.89],[-41.09,-18.89],[-41.03,-18.97],[-41.02,-19.06],[-40.94,-19.15],[-40.93,-19.36],[-40.98,-19.5],[-41.16,-19.66],[-41.19,-19.88],[-41.31,-19.96],[-41.37,-20.19],[-41.41,-20.21],[-41.74,-20.21],[-41.77,-20.28],[-41.86,-20.36],[-41.8,-20.43],[-41.81,-20.65],[-41.86,-20.78],[-41.74,-20.82],[-41.71,-20.98],[-41.71,-21.11],[-41.45,-21.2],[-41.32,-21.2],[-41.27,-21.23],[-41.1,-21.21],[-40.97,-21.27],[-40.81,-21.04],[-40.8,-20.93],[-40.73,-20.84],[-40.58,-20.8],[-40.48,-20.65],[-40.43,-20.63],[-40.35,-20.5],[-40.3,-20.37],[-40.35,-20.33],[-40.3,-20.23],[-40.23,-20.27],[-40.16,-20.1],[-40.15,-20.02],[-40.03,-19.76],[-39.95,-19.7],[-39.81,-19.64],[-39.71,-19.42],[-39.7,-19.24],[-39.74,-18.9],[-39.73,-18.52],[-39.67,-18.32],[-40.18,-18.01],[-40.21,-17.98]]]},"properties":{"nombre":"Espírito Santo","pais":"BRA"}},
{"type":"Feature","geometry":{"type":"Polygon","coordinates":[[[-41.86,-20.78],[-41.92,-20.8],[-41.98,-20.93],[-42.08,-20.93],[-42.1,-21.01],[-42.18,-21.15],[-42.22,-21.34],[-42.28,-21.37],[-42.3,-21.49],[-42.37,-21.59],[-42.28,-21.64],[-42.28,-21.71],[-42.55,-21.83],[-42.89,-21.96],[-42.95,-22.01],[-43.04,-22.02],[-43.37,-22.01],[-43.46,-22.06],[-43.58,-22.05],[-43.74,-22.08],[-43.81,-22.06],[-43.89,-22.11],[-44.09,-22.17],[-44.24,-22.26],[-44.44,-22.25],[-44.6,-22.31],[-44.66,-22.37],[-44.73,-22.36],[-44.83,-22.41],[-44.77,-22.42],[-44.63,-22.61],[-44.49,-22.62],[-44.37,-22.59],[-44.2,-22.61],[-44.16,-22.69],[-44.25,-22.75],[-44.27,-22.82],[-44.36,-22.86],[-44.47,-22.85],[-44.59,-22.88],[-44.79,-22.98],[-44.8,-23.14],[-44.87,-23.23],[-44.82,-23.3],[-44.73,-23.35],[-44.56,-23.34],[-44.53,-23.27],[-44.71,-23.21],[-44.66,-23.04],[-44.44,-23],[-44.41,-22.94],[-44.29,-23.01],[-44.13,-23.03],[-44.06,-22.95],[-43.86,-22.9],[-43.56,-23.07],[-43.5,-23.03],[-43.22,-23],[-43.16,-22.9],[-43.24,-22.84],[-43.27,-22.75],[-43.08,-22.67],[-43.02,-22.74],[-43.13,-22.89],[-43.03,-22.97],[-42.7,-22.97],[-42.53,-22.93],[-42.06,-22.95],[-41.99,-22.83],[-41.92,-22.78],[-41.98,-22.72],[-42,-22.61],[-41.77,-22.35],[-41.67,-22.28],[-41.47,-22.2],[-41.24,-22.14],[-40.99,-22.01],[-40.97,-21.95],[-41.01,-21.82],[-41.01,-21.65],[-41.06,-21.56],[-41.06,-21.48],[-40.96,-21.36],[-40.97,-21.27],[-41.1,-21.21],[-41.27,-21.23],[-41.32,-21.2],[-41.45,-21.2],[-41.71,-21.11],[-41.71,-20.98],[-41.74,-20.82],[-41.86,-20.78]]]},"properties":{"nombre":"Rio de Janeiro","pais":"BRA"}},
{"type":"Feature","geometry":{"type":"MultiPolygon","coordinates":[[[[-53.17,-22.7],[-53.1,-22.68],[-52.95,-22.57],[-52.67,-22.6],[-52.58,-22.57],[-52.52,-22.61],[-52.34,-22.62],[-52.25,-22.6],[-52.19,-22.64],[-52.14,-22.54],[-52.02,-22.53],[-51.86,-22.62],[-51.77,-22.61],[-51.51,-22.69],[-51.35,-22.65],[-51.11,-22.77],[-50.88,-22.82],[-50.78,-22.95],[-50.66,-22.92],[-50.5,-22.95],[-50.37,-22.91],[-50.32,-22.95],[-50.12,-22.94],[-50.03,-22.91],[-49.91,-22.99],[-49.91,-23.04],[-49.77,-23.1],[-49.67,-23.2],[-49.61,-23.39],[-49.65,-23.52],[-49.61,-23.64],[-49.55,-23.71],[-49.6,-23.88],[-49.42,-24.07],[-49.33,-24.14],[-49.34,-24.23],[-49.22,-24.35],[-49.28,-24.44],[-49.3,-24.67],[-49.22,-24.69],[-48.95,-24.68],[-48.83,-24.66],[-48.78,-24.7],[-48.61,-24.68],[-48.49,-24.74],[-48.55,-24.82],[-48.57,-25.06],[-48.51,-25.08],[-48.41,-24.96],[-48.23,-25.01],[-48.18,-25.2],[-48.08,-25.29],[-47.92,-25.16],[-47.96,-25.08],[-47.83,-24.89],[-47.53,-24.69],[-47.44,-24.68],[-47.18,-24.53],[-47,-24.41],[-46.94,-24.27],[-46.74,-24.18],[-46.38,-23.98],[-46.4,-23.98],[-46.31,-23.91],[-46.2,-23.98],[-46.1,-23.84],[-45.86,-23.76],[-45.55,-23.8],[-45.5,-23.84],[-45.39,-23.78],[-45.43,-23.64],[-45.3,-23.57],[-45.26,-23.59],[-45.15,-23.53],[-45.07,-23.52],[-45.05,-23.43],[-44.92,-23.35],[-44.83,-23.39],[-44.73,-23.35],[-44.82,-23.3],[-44.87,-23.23],[-44.8,-23.14],[-44.79,-22.98],[-44.59,-22.88],[-44.47,-22.85],[-44.36,-22.86],[-44.27,-22.82],[-44.25,-22.75],[-44.16,-22.69],[-44.2,-22.61],[-44.37,-22.59],[-44.49,-22.62],[-44.63,-22.61],[-44.77,-22.42],[-44.83,-22.41],[-45.12,-22.49],[-45.25,-22.59],[-45.39,-22.65],[-45.43,-22.6],[-45.52,-22.65],[-45.59,-22.62],[-45.72,-22.65],[-45.77,-22.84],[-45.91,-22.82],[-46,-22.87],[-46.15,-22.89],[-46.34,-22.87],[-46.37,-22.75],[-46.47,-22.68],[-46.4,-22.62],[-46.39,-22.54],[-46.55,-22.47],[-46.66,-22.4],[-46.7,-22.28],[-46.6,-22.13],[-46.67,-22.06],[-46.63,-22.01],[-46.67,-21.81],[-46.61,-21.68],[-46.56,-21.68],[-46.5,-21.52],[-46.53,-21.43],[-46.6,-21.43],[-46.76,-21.36],[-46.89,-21.41],[-47,-21.41],[-46.99,-21.34],[-47.13,-21.12],[-47.15,-20.98],[-47.23,-20.9],[-47.21,-20.81],[-47.12,-20.68],[-47.15,-20.52],[-47.29,-20.45],[-47.27,-20.28],[-47.23,-20.21],[-47.3,-20.12],[-47.44,-20.04],[-47.47,-19.96],[-47.58,-19.99],[-47.64,-20.04],[-47.7,-19.98],[-47.85,-19.98],[-48.06,-20.15],[-48.22,-20.11],[-48.56,-20.12],[-48.64,-20.16],[-48.72,-20.14],[-48.84,-20.16],[-48.88,-20.28],[-48.87,-20.42],[-48.97,-20.4],[-48.97,-20.23],[-49.04,-20.14],[-49.15,-20.3],[-49.22,-20.29],[-49.3,-20.14],[-49.3,-20.03],[-49.38,-19.98],[-49.55,-19.93],[-49.88,-19.93],[-50.34,-19.87],[-50.42,-19.79],[-50.56,-19.81],[-50.67,-19.93],[-50.87,-19.99],[-50.99,-20.1],[-51.05,-20.23],[-51.14,-20.3],[-51.33,-20.36],[-51.46,-20.52],[-51.58,-20.6],[-51.62,-20.7],[-51.63,-20.88],[-51.75,-21],[-51.77,-21.06],[-51.87,-21.14],[-51.85,-21.26],[-51.87,-21.34],[-51.98,-21.48],[-52.07,-21.48],[-52.11,-21.55],[-52.04,-21.67],[-52.14,-21.73],[-52.19,-21.83],[-52.32,-21.95],[-52.37,-22.1],[-52.53,-22.23],[-52.68,-22.29],[-52.82,-22.38],[-52.84,-22.42],[-52.96,-22.45],[-53.17,-22.7]]],[[[-45.21,-23.91],[-45.23,-23.77],[-45.32,-23.72],[-45.35,-23.8],[-45.45,-23.88],[-45.39,-23.94],[-45.21,-23.91]]]]},"properties":{"nombre":"São Paulo","pais":"BRA"}},
{"type":"Feature","geometry":{"type":"Polygon","coordinates":[[[-54.48,-33.93],[-54.57,-34.04],[-54.69,-34.07],[-54.78,-34.19],[-54.84,-34.39],[-55.17,-34.52],[-55.28,-34.6],[-55.47,-34.62],[-55.41,-34.69],[-55.38,-34.8],[-55.37,-34.8],[-55.22,-34.9],[-55.08,-34.88],[-54.94,-34.97],[-54.53,-34.81],[-54.54,-34.66],[-54.5,-34.57],[-54.54,-34.45],[-54.49,-34.39],[-54.49,-34.2],[-54.46,-34.09],[-54.48,-33.93]]]},"properties":{"nombre":"Maldonado","pais":"URY"}},
{"type":"Feature","geometry":{"type":"Polygon","coordinates":[[[-55.47,-34.62],[-55.54,-34.51],[-55.53,-34.42],[-55.62,-34.21],[-55.74,-34.22],[-55.84,-34.27],[-56,-34.24],[-56.09,-34.29],[-56.13,-34.36],[-56.28,-34.35],[-56.4,-34.43],[-56.4,-34.53],[-56.47,-34.58],[-56.47,-34.65],[-56.36,-34.73],[-56.25,-34.76],[-56.13,-34.73],[-56.04,-34.77],[-56.04,-34.89],[-55.89,-34.8],[-55.6,-34.77],[-55.38,-34.8],[-55.41,-34.69],[-55.47,-34.62]]]},"properties":{"nombre":"Canelones","pais":"URY"}},
{"type":"Feature","geometry":{"type":"Polygon","coordinates":[[[-56.36,-34.73],[-56.37,-34.79],[-56.42,-34.84],[-56.31,-34.91],[-56.23,-34.88],[-56.14,-34.91],[-56.04,-34.89],[-56.04,-34.77],[-56.13,-34.73],[-56.25,-34.76],[-56.36,-34.73]]]},"properties":{"nombre":"Montevideo","pais":"URY"}},
{"type":"Feature","geometry":{"type":"Polygon","coordinates":[[[-56.4,-34.43],[-56.47,-34.37],[-56.42,-34.31],[-56.45,-34.17],[-56.41,-34.1],[-56.46,-33.9],[-56.6,-33.85],[-56.78,-33.92],[-56.89,-33.99],[-57.08,-33.96],[-57.06,-34.02],[-56.94,-34.14],[-57.1,-34.23],[-57.07,-34.31],[-57.17,-34.45],[-57.12,-34.46],[-56.8,-34.7],[-56.65,-34.72],[-56.54,-34.77],[-56.48,-34.75],[-56.37,-34.79],[-56.36,-34.73],[-56.47,-34.65],[-56.47,-34.58],[-56.4,-34.53],[-56.4,-34.43]]]},"properties":{"nombre":"San José","pais":"URY"}},
{"type":"Feature","geometry":{"type":"Polygon","coordinates":[[[-57.08,-33.96],[-57.29,-33.95],[-57.39,-33.9],[-57.57,-33.94],[-57.79,-33.9],[-57.84,-33.86],[-58.01,-33.86],[-58.04,-33.8],[-58.19,-33.78],[-58.28,-33.84],[-58.42,-33.88],[-58.23,-34.09],[-58.2,-34.16],[-58.09,-34.18],[-57.92,-34.35],[-57.9,-34.42],[-57.82,-34.48],[-57.59,-34.42],[-57.17,-34.45],[-57.07,-34.31],[-57.1,-34.23],[-56.94,-34.14],[-57.06,-34.02],[-57.08,-33.96]]]},"properties":{"nombre":"Colonia","pais":"URY"}},
{"type":"Feature","geometry":{"type":"Polygon","coordinates":[[[-57.08,-33.96],[-57.19,-33.74],[-57.17,-33.6],[-57.23,-33.58],[-57.34,-33.35],[-57.22,-33.24],[-57.13,-33.12],[-57.21,-33.16],[-57.3,-33.09],[-57.42,-33.09],[-57.55,-33.02],[-57.65,-33.09],[-57.74,-33.05],[-57.87,-33.04],[-58.22,-33.31],[-58.39,-33.42],[-58.44,-33.55],[-58.44,-33.78],[-58.42,-33.88],[-58.28,-33.84],[-58.19,-33.78],[-58.04,-33.8],[-58.01,-33.86],[-57.84,-33.86],[-57.79,-33.9],[-57.57,-33.94],[-57.39,-33.9],[-57.29,-33.95],[-57.08,-33.96]]]},"properties":{"nombre":"Soriano","pais":"URY"}},
{"type":"Feature","geometry":{"type":"Polygon","coordinates":[[[-58.19,-32.49],[-58.14,-32.67],[-58.14,-32.78],[-58.05,-32.91],[-58.08,-33.05],[-58.17,-33.11],[-58.31,-33.11],[-58.37,-33.15],[-58.36,-33.33],[-58.39,-33.42],[-58.22,-33.31],[-57.87,-33.04],[-57.74,-33.05],[-57.65,-33.09],[-57.55,-33.02],[-57.42,-33.09],[-57.3,-33.09],[-57.21,-33.16],[-57.13,-33.12],[-57.16,-33.05],[-57.1,-33.01],[-56.87,-32.95],[-56.77,-32.86],[-56.67,-32.84],[-56.59,-32.65],[-56.56,-32.49],[-56.73,-32.41],[-56.93,-32.41],[-57.03,-32.36],[-57.17,-32.39],[-57.25,-32.44],[-57.46,-32.44],[-57.58,-32.54],[-57.76,-32.56],[-57.78,-32.61],[-57.99,-32.59],[-58.11,-32.48],[-58.19,-32.49]]]},"properties":{"nombre":"Río Negro","pais":"URY"}},
{"type":"Feature","geometry":{"type":"Polygon","coordinates":[[[-58.31,-34.66],[-58.38,-34.57],[-58.47,-34.52],[-58.54,-34.57],[-58.54,-34.71],[-58.44,-34.77],[-58.31,-34.66]]]},"properties":{"nombre":"Ciudad de Buenos Aires","pais":"ARG"}},
{"type":"Feature","geometry":{"type":"Polygon","coordinates":[[[-56.56,-32.49],[-56.59,-32.65],[-56.67,-32.84],[-56.36,-32.81],[-56.26,-32.83],[-56.17,-32.73],[-56.05,-32.7],[-55.9,-32.6],[-55.79,-32.61],[-55.63,-32.49],[-55.51,-32.49],[-55.45,-32.43],[-55.33,-32.49],[-55.24,-32.46],[-55.07,-32.48],[-54.92,-32.38],[-54.8,-32.25],[-54.76,-32.1],[-54.66,-32.12],[-54.81,-31.94],[-54.91,-31.86],[-55.1,-31.82],[-55.35,-31.8],[-55.62,-31.8],[-55.65,-31.77],[-55.67,-31.57],[-55.79,-31.52],[-55.83,-31.39],[-56.06,-31.26],[-56.16,-31.3],[-56.18,-31.39],[-56.32,-31.51],[-56.35,-31.59],[-56.32,-31.75],[-56.28,-31.79],[-56.25,-31.92],[-56.35,-32.21],[-56.51,-32.36],[-56.56,-32.49]]]},"properties":{"nombre":"Tacuarembó","pais":"URY"}},
{"type":"Feature","geometry":{"type":"Polygon","coordinates":[[[-55.01,-33.02],[-55.16,-33.01],[-55.32,-32.9],[-55.31,-32.74],[-55.34,-32.67],[-55.3,-32.57],[-55.33,-32.49],[-55.45,-32.43],[-55.51,-32.49],[-55.63,-32.49],[-55.79,-32.61],[-55.9,-32.6],[-56.05,-32.7],[-56.17,-32.73],[-56.26,-32.83],[-56.36,-32.81],[-56.67,-32.84],[-56.77,-32.86],[-56.87,-32.95],[-57.1,-33.01],[-57.16,-33.05],[-57.13,-33.12],[-57.04,-33.18],[-56.88,-33.19],[-56.83,-33.27],[-56.68,-33.3],[-56.56,-33.43],[-56.53,-33.5],[-56.42,-33.48],[-56.35,-33.43],[-56.25,-33.48],[-56.08,-33.49],[-56.04,-33.44],[-55.88,-33.44],[-55.65,-33.37],[-55.43,-33.27],[-55.33,-33.2],[-55.23,-33.2],[-55.11,-33.12],[-55.01,-33.02]]]},"properties":{"nombre":"Durazno","pais":"URY"}},
{"type":"Feature","geometry":{"type":"Polygon","coordinates":[[[-56.46,-33.9],[-56.42,-33.75],[-56.46,-33.7],[-56.53,-33.5],[-56.56,-33.43],[-56.68,-33.3],[-56.83,-33.27],[-56.88,-33.19],[-57.04,-33.18],[-57.13,-33.12],[-57.22,-33.24],[-57.34,-33.35],[-57.23,-33.58],[-57.17,-33.6],[-57.19,-33.74],[-57.08,-33.96],[-56.89,-33.99],[-56.78,-33.92],[-56.6,-33.85],[-56.46,-33.9]]]},"properties":{"nombre":"Flores","pais":"URY"}},
{"type":"Feature","geometry":{"type":"Polygon","coordinates":[[[-55.11,-33.12],[-55.23,-33.2],[-55.33,-33.2],[-55.43,-33.27],[-55.65,-33.37],[-55.88,-33.44],[-56.04,-33.44],[-56.08,-33.49],[-56.25,-33.48],[-56.35,-33.43],[-56.42,-33.48],[-56.53,-33.5],[-56.46,-33.7],[-56.42,-33.75],[-56.46,-33.9],[-56.41,-34.1],[-56.45,-34.17],[-56.42,-34.31],[-56.47,-34.37],[-56.4,-34.43],[-56.28,-34.35],[-56.13,-34.36],[-56.09,-34.29],[-56,-34.24],[-55.84,-34.27],[-55.74,-34.22],[-55.62,-34.21],[-55.44,-33.97],[-55.34,-33.87],[-55.29,-33.7],[-55.32,-33.6],[-55.23,-33.57],[-55.19,-33.49],[-55.11,-33.45],[-55.12,-33.38],[-55.09,-33.25],[-55.11,-33.12]]]},"properties":{"nombre":"Florida","pais":"URY"}},
{"type":"Feature","geometry":{"type":"Polygon","coordinates":[[[-54.13,-33.47],[-54.26,-33.4],[-54.29,-33.35],[-54.5,-33.45],[-54.72,-33.4],[-54.8,-33.34],[-54.91,-33.37],[-55,-33.34],[-55.12,-33.38],[-55.11,-33.45],[-55.19,-33.49],[-55.23,-33.57],[-55.32,-33.6],[-55.29,-33.7],[-55.34,-33.87],[-55.44,-33.97],[-55.62,-34.21],[-55.53,-34.42],[-55.54,-34.51],[-55.47,-34.62],[-55.28,-34.6],[-55.17,-34.52],[-54.84,-34.39],[-54.78,-34.19],[-54.69,-34.07],[-54.57,-34.04],[-54.48,-33.93],[-54.42,-33.86],[-54.37,-33.73],[-54.38,-33.65],[-54.13,-33.47]]]},"properties":{"nombre":"Lavalleja","pais":"URY"}},
{"type":"Feature","geometry":{"type":"Polygon","coordinates":[[[-57.21,-24.99],[-57.1,-25.04],[-57.02,-25.02],[-56.98,-24.96],[-56.69,-24.92],[-56.49,-25.02],[-56.24,-24.78],[-56.21,-24.86],[-56.13,-24.89],[-56.05,-24.97],[-55.95,-24.84],[-55.75,-24.78],[-55.81,-24.75],[-55.91,-24.64],[-56.03,-24.42],[-56.1,-24.38],[-56.16,-24.26],[-56.15,-24.14],[-55.99,-24.03],[-56.06,-23.85],[-55.98,-23.77],[-55.98,-23.67],[-55.93,-23.53],[-56.03,-23.54],[-56.1,-23.61],[-56.15,-23.54],[-56.04,-23.42],[-56.08,-23.32],[-56.15,-23.31],[-56.3,-23.34],[-56.38,-23.4],[-56.55,-23.45],[-56.88,-23.42],[-57.26,-23.5],[-57.45,-23.47],[-57.43,-23.62],[-57.27,-23.74],[-57.29,-23.86],[-57.34,-23.91],[-57.18,-24.1],[-57.22,-24.23],[-57.17,-24.29],[-57.15,-24.58],[-57.09,-24.68],[-57.25,-24.89],[-57.21,-24.99]]]},"properties":{"nombre":"San Pedro","pais":"PRY"}},
{"type":"Feature","geometry":{"type":"Polygon","coordinates":[[[-55.23,-24.5],[-55.49,-24.54],[-55.7,-24.71],[-55.75,-24.78],[-55.95,-24.84],[-56.05,-24.97],[-56.13,-24.89],[-56.21,-24.86],[-56.24,-24.78],[-56.49,-25.02],[-56.56,-25.35],[-56.81,-25.51],[-56.75,-25.65],[-56.65,-25.71],[-56.4,-25.58],[-56.2,-25.58],[-56.06,-25.61],[-55.92,-25.61],[-55.83,-25.68],[-55.62,-25.65],[-55.53,-25.63],[-55.49,-25.56],[-55.23,-25.23],[-55.14,-25.28],[-55.04,-25.29],[-54.97,-25.25],[-55.02,-25.18],[-55.19,-25.05],[-55.26,-25.04],[-55.33,-24.97],[-55.33,-24.76],[-55.3,-24.73],[-55.29,-24.58],[-55.23,-24.5]]]},"properties":{"nombre":"Caaguazú","pais":"PRY"}},
{"type":"Feature","geometry":{"type":"Polygon","coordinates":[[[-57.45,-25.11],[-57.31,-25.27],[-57.26,-25.38],[-57.16,-25.43],[-57.09,-25.53],[-56.9,-25.54],[-56.82,-25.64],[-56.75,-25.65],[-56.81,-25.51],[-56.56,-25.35],[-56.49,-25.02],[-56.69,-24.92],[-56.98,-24.96],[-57.02,-25.02],[-57.1,-25.04],[-57.21,-24.99],[-57.28,-24.98],[-57.34,-25.07],[-57.45,-25.11]]]},"properties":{"nombre":"Cordillera","pais":"PRY"}},
{"type":"Feature","geometry":{"type":"Polygon","coordinates":[[[-55.49,-25.56],[-55.53,-25.63],[-55.62,-25.65],[-55.67,-25.73],[-56.05,-25.91],[-56.07,-26],[-56.16,-26.04],[-56.25,-25.99],[-56.38,-26.06],[-56.47,-26.08],[-56.53,-26.18],[-56.59,-26.18],[-56.73,-26.49],[-56.78,-26.54],[-56.71,-26.62],[-56.57,-26.68],[-56.57,-26.72],[-56.41,-26.78],[-56.21,-26.69],[-56.09,-26.66],[-56,-26.51],[-55.87,-26.47],[-55.74,-26.36],[-55.64,-26.32],[-55.48,-26.3],[-55.38,-26.23],[-55.29,-26.08],[-55.3,-25.99],[-55.44,-26.01],[-55.51,-25.97],[-55.53,-25.85],[-55.4,-25.62],[-55.49,-25.56]]]},"properties":{"nombre":"Caazapá","pais":"PRY"}},
{"type":"Feature","geometry":{"type":"Polygon","coordinates":[[[-57.5,-26.01],[-57.48,-26.17],[-57.61,-26.29],[-57.7,-26.41],[-57.55,-26.55],[-57.37,-26.62],[-57.25,-26.61],[-57.04,-26.4],[-56.82,-26.49],[-56.78,-26.54],[-56.73,-26.49],[-56.59,-26.18],[-56.67,-25.98],[-56.6,-25.94],[-56.66,-25.84],[-56.65,-25.71],[-56.75,-25.65],[-56.82,-25.64],[-56.9,-25.54],[-57.09,-25.53],[-57.16,-25.43],[-57.24,-25.48],[-57.35,-25.64],[-57.4,-25.68],[-57.43,-25.79],[-57.4,-25.88],[-57.5,-26.01]]]},"properties":{"nombre":"Paraguarí","pais":"PRY"}},
{"type":"Feature","geometry":{"type":"Polygon","coordinates":[[[-56.65,-25.71],[-56.66,-25.84],[-56.6,-25.94],[-56.67,-25.98],[-56.59,-26.18],[-56.53,-26.18],[-56.47,-26.08],[-56.38,-26.06],[-56.25,-25.99],[-56.16,-26.04],[-56.07,-26],[-56.05,-25.91],[-55.67,-25.73],[-55.62,-25.65],[-55.83,-25.68],[-55.92,-25.61],[-56.06,-25.61],[-56.2,-25.58],[-56.4,-25.58],[-56.65,-25.71]]]},"properties":{"nombre":"Guairá","pais":"PRY"}},
{"type":"Feature","geometry":{"type":"Polygon","coordinates":[[[-50.96,-19.47],[-50.88,-19.41],[-50.83,-19.28],[-50.75,-19.18],[-50.65,-19.11],[-50.56,-19.12],[-50.49,-19.04],[-50.5,-18.93],[-50.32,-18.71],[-50.11,-18.66],[-49.99,-18.61],[-49.84,-18.63],[-49.48,-18.5],[-49.46,-18.57],[-49.36,-18.62],[-49.16,-18.42],[-48.95,-18.33],[-48.85,-18.35],[-48.61,-18.34],[-48.26,-18.35],[-47.9,-18.45],[-47.63,-18.31],[-47.58,-18.22],[-47.43,-18.17],[-47.28,-18.06],[-47.36,-17.83],[-47.27,-17.67],[-47.28,-17.56],[-47.35,-17.51],[-47.49,-17.52],[-47.53,-17.47],[-47.5,-17.33],[-47.44,-17.34],[-47.31,-17.14],[-47.21,-17.07],[-47.23,-17.02],[-47.15,-16.95],[-47.27,-16.66],[-47.44,-16.53],[-47.44,-16.42],[-47.39,-16.37],[-47.32,-16.23],[-47.34,-16.15],[-47.3,-16.04],[-47.22,-16.03],[-47.12,-15.92],[-46.9,-15.9],[-46.83,-15.86],[-46.87,-15.59],[-46.93,-15.55],[-46.94,-15.43],[-46.85,-15.31],[-46.93,-15.23],[-46.89,-15.04],[-46.83,-15.01],[-46.73,-15.02],[-46.62,-15.08],[-46.55,-15.04],[-46.58,-14.9],[-46.57,-14.77],[-46.52,-14.71],[-46.39,-14.77],[-46.32,-14.84],[-46.3,-14.91],[-46.19,-14.94],[-46.09,-14.93],[-46.02,-14.87],[-45.92,-14.74],[-45.92,-14.64],[-45.97,-14.51],[-45.92,-14.35],[-46,-14.31],[-46.12,-14.2],[-46.22,-14],[-46.26,-13.87],[-46.27,-13.64],[-46.19,-13.4],[-46.08,-13.33],[-46.08,-13.25],[-46.18,-13.22],[-46.15,-13.03],[-46.06,-12.94],[-46.23,-12.8],[-46.3,-12.83],[-46.46,-12.85],[-46.62,-12.9],[-46.76,-13.05],[-46.83,-13.07],[-47.05,-13.08],[-47.29,-13.2],[-47.44,-13.25],[-47.55,-13.25],[-47.65,-13.1],[-47.73,-13.17],[-47.66,-13.32],[-47.68,-13.35],[-48,-13.25],[-48.17,-13.15],[-48.23,-13.09],[-48.37,-13.19],[-48.48,-13.2],[-48.64,-13.16],[-48.68,-13.32],[-48.78,-13.33],[-48.76,-13.21],[-48.77,-13.08],[-48.8,-13.04],[-48.82,-12.87],[-49,-12.75],[-49,-12.66],[-49.14,-12.73],[-49.3,-13],[-49.36,-13.13],[-49.38,-13.25],[-49.52,-13.2],[-49.68,-13.18],[-49.91,-13.07],[-49.98,-13.02],[-50.05,-13.02],[-50.27,-12.91],[-50.27,-12.76],[-50.2,-12.65],[-50.2,-12.54],[-50.13,-12.47],[-50.15,-12.4],[-50.3,-12.5],[-50.4,-12.61],[-50.48,-12.85],[-50.49,-12.95],[-50.56,-13.01],[-50.57,-13.25],[-50.66,-13.38],[-50.66,-13.43],[-50.76,-13.53],[-50.79,-13.67],[-50.86,-13.71],[-50.84,-13.88],[-50.86,-13.96],[-50.85,-14.1],[-50.92,-14.12],[-51,-14.4],[-50.97,-14.52],[-51.07,-14.74],[-51.1,-14.89],[-51.18,-14.98],[-51.27,-15.02],[-51.32,-14.96],[-51.41,-14.99],[-51.51,-15.06],[-51.66,-15.21],[-51.7,-15.46],[-51.87,-15.79],[-51.97,-15.8],[-52.05,-15.88],[-52.25,-15.91],[-52.33,-16.04],[-52.43,-16.08],[-52.54,-16.16],[-52.56,-16.25],[-52.65,-16.27],[-52.68,-16.38],[-52.62,-16.43],[-52.63,-16.53],[-52.81,-16.75],[-52.96,-16.82],[-53.01,-16.89],[-53.05,-17.06],[-53.2,-17.27],[-53.19,-17.37],[-53.24,-17.56],[-53.23,-17.65],[-53.15,-17.78],[-53.05,-18.02],[-53.04,-18.1],[-53.06,-18.29],[-53,-18.39],[-52.87,-18.35],[-52.77,-18.43],[-52.86,-18.56],[-52.9,-18.66],[-52.76,-18.71],[-52.62,-18.72],[-52.5,-18.7],[-52.36,-18.81],[-52.27,-18.81],[-52.17,-18.85],[-52.04,-18.95],[-51.91,-18.99],[-51.84,-19.05],[-51.64,-19.13],[-51.41,-19.17],[-51.32,-19.25],[-51.14,-19.28],[-51.03,-19.37],[-50.96,-19.47]],[[-47.3,-16.04],[-48.18,-16.04],[-48.28,-15.84],[-48.2,-15.73],[-48.24,-15.7],[-48.18,-15.49],[-47.77,-15.49],[-47.42,-15.5],[-47.31,-15.59],[-47.31,-15.76],[-47.35,-15.83],[-47.36,-15.99],[-47.3,-16.04]]]},"properties":{"nombre":"Goiás","pais":"BRA"}},
{"type":"Feature","geometry":{"type":"Polygon","coordinates":[[[-47.3,-16.04],[-47.36,-15.99],[-47.35,-15.83],[-47.31,-15.76],[-47.31,-15.59],[-47.42,-15.5],[-47.77,-15.49],[-48.18,-15.49],[-48.24,-15.7],[-48.2,-15.73],[-48.28,-15.84],[-48.18,-16.04],[-47.3,-16.04]]]},"properties":{"nombre":"Distrito Federal","pais":"BRA"}},
{"type":"Feature","geometry":{"type":"Polygon","coordinates":[[[-50.99,-20.1],[-50.87,-19.99],[-50.67,-19.93],[-50.56,-19.81],[-50.42,-19.79],[-50.34,-19.87],[-49.88,-19.93],[-49.55,-19.93],[-49.38,-19.98],[-49.3,-20.03],[-49.3,-20.14],[-49.22,-20.29],[-49.15,-20.3],[-49.04,-20.14],[-48.97,-20.23],[-48.97,-20.4],[-48.87,-20.42],[-48.88,-20.28],[-48.84,-20.16],[-48.72,-20.14],[-48.64,-20.16],[-48.56,-20.12],[-48.22,-20.11],[-48.06,-20.15],[-47.85,-19.98],[-47.7,-19.98],[-47.64,-20.04],[-47.58,-19.99],[-47.47,-19.96],[-47.44,-20.04],[-47.3,-20.12],[-47.23,-20.21],[-47.27,-20.28],[-47.29,-20.45],[-47.15,-20.52],[-47.12,-20.68],[-47.21,-20.81],[-47.23,-20.9],[-47.15,-20.98],[-47.13,-21.12],[-46.99,-21.34],[-47,-21.41],[-46.89,-21.41],[-46.76,-21.36],[-46.6,-21.43],[-46.53,-21.43],[-46.5,-21.52],[-46.56,-21.68],[-46.61,-21.68],[-46.67,-21.81],[-46.63,-22.01],[-46.67,-22.06],[-46.6,-22.13],[-46.7,-22.28],[-46.66,-22.4],[-46.55,-22.47],[-46.39,-22.54],[-46.4,-22.62],[-46.47,-22.68],[-46.37,-22.75],[-46.34,-22.87],[-46.15,-22.89],[-46,-22.87],[-45.91,-22.82],[-45.77,-22.84],[-45.72,-22.65],[-45.59,-22.62],[-45.52,-22.65],[-45.43,-22.6],[-45.39,-22.65],[-45.25,-22.59],[-45.12,-22.49],[-44.83,-22.41],[-44.73,-22.36],[-44.66,-22.37],[-44.6,-22.31],[-44.44,-22.25],[-44.24,-22.26],[-44.09,-22.17],[-43.89,-22.11],[-43.81,-22.06],[-43.74,-22.08],[-43.58,-22.05],[-43.46,-22.06],[-43.37,-22.01],[-43.04,-22.02],[-42.95,-22.01],[-42.89,-21.96],[-42.55,-21.83],[-42.28,-21.71],[-42.28,-21.64],[-42.37,-21.59],[-42.3,-21.49],[-42.28,-21.37],[-42.22,-21.34],[-42.18,-21.15],[-42.1,-21.01],[-42.08,-20.93],[-41.98,-20.93],[-41.92,-20.8],[-41.86,-20.78],[-41.81,-20.65],[-41.8,-20.43],[-41.86,-20.36],[-41.77,-20.28],[-41.74,-20.21],[-41.41,-20.21],[-41.37,-20.19],[-41.31,-19.96],[-41.19,-19.88],[-41.16,-19.66],[-40.98,-19.5],[-40.93,-19.36],[-40.94,-19.15],[-41.02,-19.06],[-41.03,-18.97],[-41.09,-18.89],[-41.21,-18.89],[-41.21,-18.81],[-40.98,-18.83],[-40.92,-18.8],[-40.94,-18.67],[-41.03,-18.66],[-41,-18.45],[-41.09,-18.36],[-41.11,-18.27],[-41.08,-18.2],[-40.91,-18.1],[-40.84,-18.15],[-40.77,-18.1],[-40.92,-17.96],[-40.79,-17.97],[-40.64,-17.95],[-40.51,-17.9],[-40.42,-17.9],[-40.21,-17.98],[-40.23,-17.94],[-40.19,-17.79],[-40.37,-17.64],[-40.41,-17.56],[-40.5,-17.52],[-40.49,-17.42],[-40.61,-17.4],[-40.56,-17.26],[-40.57,-17.1],[-40.52,-16.91],[-40.29,-16.88],[-40.24,-16.82],[-40.28,-16.77],[-40.27,-16.58],[-40.13,-16.5],[-40.06,-16.39],[-39.93,-16.3],[-39.91,-16.2],[-39.86,-16.14],[-39.94,-16],[-40,-16],[-40.07,-15.93],[-40.21,-15.86],[-40.22,-15.82],[-40.35,-15.82],[-40.46,-15.78],[-40.54,-15.8],[-40.63,-15.72],[-40.76,-15.74],[-40.82,-15.68],[-40.95,-15.67],[-41.14,-15.78],[-41.33,-15.72],[-41.36,-15.49],[-41.8,-15.11],[-41.93,-15.17],[-42.1,-15.16],[-42.17,-15.11],[-42.29,-15.1],[-42.48,-15],[-42.57,-14.93],[-42.64,-14.94],[-42.95,-14.68],[-43.21,-14.63],[-43.39,-14.7],[-43.49,-14.79],[-43.71,-14.74],[-43.87,-14.66],[-43.87,-14.5],[-43.79,-14.34],[-44.08,-14.27],[-44.33,-14.25],[-44.66,-14.4],[-44.81,-14.51],[-44.88,-14.6],[-45.1,-14.72],[-45.21,-14.73],[-45.32,-14.86],[-45.49,-14.95],[-45.58,-14.96],[-45.68,-15.09],[-45.77,-15.15],[-45.92,-15.12],[-45.98,-15.2],[-46.04,-15.15],[-45.98,-14.98],[-46.02,-14.87],[-46.09,-14.93],[-46.19,-14.94],[-46.3,-14.91],[-46.32,-14.84],[-46.39,-14.77],[-46.52,-14.71],[-46.57,-14.77],[-46.58,-14.9],[-46.55,-15.04],[-46.62,-15.08],[-46.73,-15.02],[-46.83,-15.01],[-46.89,-15.04],[-46.93,-15.23],[-46.85,-15.31],[-46.94,-15.43],[-46.93,-15.55],[-46.87,-15.59],[-46.83,-15.86],[-46.9,-15.9],[-47.12,-15.92],[-47.22,-16.03],[-47.3,-16.04],[-47.34,-16.15],[-47.32,-16.23],[-47.39,-16.37],[-47.44,-16.42],[-47.44,-16.53],[-47.27,-16.66],[-47.15,-16.95],[-47.23,-17.02],[-47.21,-17.07],[-47.31,-17.14],[-47.44,-17.34],[-47.5,-17.33],[-47.53,-17.47],[-47.49,-17.52],[-47.35,-17.51],[-47.28,-17.56],[-47.27,-17.67],[-47.36,-17.83],[-47.28,-18.06],[-47.43,-18.17],[-47.58,-18.22],[-47.63,-18.31],[-47.9,-18.45],[-48.26,-18.35],[-48.61,-18.34],[-48.85,-18.35],[-48.95,-18.33],[-49.16,-18.42],[-49.36,-18.62],[-49.46,-18.57],[-49.48,-18.5],[-49.84,-18.63],[-49.99,-18.61],[-50.11,-18.66],[-50.32,-18.71],[-50.5,-18.93],[-50.49,-19.04],[-50.56,-19.12],[-50.65,-19.11],[-50.75,-19.18],[-50.83,-19.28],[-50.88,-19.41],[-50.96,-19.47],[-50.95,-19.57],[-51.03,-19.75],[-50.99,-20.1]]]},"properties":{"nombre":"Minas Gerais","pais":"BRA"}},
{"type":"Feature","geometry":{"type":"Polygon","coordinates":[[[-50.24,-9.84],[-50.3,-10.02],[-50.4,-10.15],[-50.39,-10.25],[-50.5,-10.44],[-50.52,-10.56],[-50.6,-10.66],[-50.59,-10.77],[-50.63,-10.96],[-50.61,-11.08],[-50.66,-11.14],[-50.67,-11.26],[-50.73,-11.4],[-50.74,-11.51],[-50.65,-11.59],[-50.71,-11.71],[-50.68,-11.86],[-50.64,-11.89],[-50.68,-11.99],[-50.67,-12.19],[-50.62,-12.27],[-50.61,-12.43],[-50.65,-12.55],[-50.57,-12.83],[-50.48,-12.85],[-50.4,-12.61],[-50.3,-12.5],[-50.15,-12.4],[-50.13,-12.47],[-50.2,-12.54],[-50.2,-12.65],[-50.27,-12.76],[-50.27,-12.91],[-50.05,-13.02],[-49.98,-13.02],[-49.91,-13.07],[-49.68,-13.18],[-49.52,-13.2],[-49.38,-13.25],[-49.36,-13.13],[-49.3,-13],[-49.14,-12.73],[-49,-12.66],[-49,-12.75],[-48.82,-12.87],[-48.8,-13.04],[-48.77,-13.08],[-48.76,-13.21],[-48.78,-13.33],[-48.68,-13.32],[-48.64,-13.16],[-48.48,-13.2],[-48.37,-13.19],[-48.23,-13.09],[-48.17,-13.15],[-48,-13.25],[-47.68,-13.35],[-47.66,-13.32],[-47.73,-13.17],[-47.65,-13.1],[-47.55,-13.25],[-47.44,-13.25],[-47.29,-13.2],[-47.05,-13.08],[-46.83,-13.07],[-46.76,-13.05],[-46.62,-12.9],[-46.46,-12.85],[-46.3,-12.83],[-46.23,-12.8],[-46.24,-12.73],[-46.16,-12.6],[-46.16,-12.49],[-46.27,-12.46],[-46.34,-12.35],[-46.34,-12.11],[-46.2,-11.99],[-46.07,-11.91],[-46.17,-11.83],[-46.26,-11.84],[-46.27,-11.74],[-46.12,-11.68],[-46.08,-11.61],[-46.19,-11.54],[-46.43,-11.5],[-46.57,-11.35],[-46.53,-11.23],[-46.46,-11.18],[-46.37,-10.97],[-46.25,-10.92],[-46.3,-10.76],[-46.19,-10.66],[-45.93,-10.5],[-45.85,-10.47],[-45.76,-10.33],[-45.95,-10.32],[-46.07,-10.22],[-46.22,-10.17],[-46.35,-10.17],[-46.47,-10.01],[-46.49,-9.87],[-46.67,-9.75],[-46.65,-9.66],[-46.53,-9.55],[-46.57,-9.49],[-46.67,-9.46],[-46.81,-9.36],[-46.84,-9.18],[-46.94,-9.07],[-47.03,-9.07],[-47.08,-9],[-46.99,-8.89],[-46.9,-8.83],[-46.92,-8.74],[-46.87,-8.55],[-46.8,-8.44],[-46.66,-8.4],[-46.49,-8.4],[-46.54,-8.33],[-46.47,-8.04],[-46.49,-7.96],[-46.58,-7.9],[-46.88,-7.96],[-47.02,-8.04],[-47.15,-7.86],[-47.28,-7.74],[-47.31,-7.64],[-47.4,-7.54],[-47.45,-7.54],[-47.5,-7.45],[-47.51,-7.28],[-47.66,-7.26],[-47.72,-7.23],[-47.73,-7.16],[-47.64,-7.16],[-47.59,-7.07],[-47.51,-7.01],[-47.48,-6.89],[-47.5,-6.85],[-47.49,-6.7],[-47.41,-6.5],[-47.41,-6.35],[-47.37,-6.23],[-47.43,-6.1],[-47.41,-5.91],[-47.48,-5.75],[-47.47,-5.59],[-47.55,-5.47],[-47.72,-5.39],[-47.82,-5.39],[-47.88,-5.26],[-47.98,-5.23],[-48.06,-5.27],[-48.15,-5.26],[-48.34,-5.16],[-48.46,-5.17],[-48.55,-5.23],[-48.58,-5.3],[-48.69,-5.31],[-48.72,-5.36],[-48.56,-5.41],[-48.37,-5.4],[-48.3,-5.52],[-48.21,-5.54],[-48.14,-5.65],[-48.2,-5.71],[-48.3,-5.75],[-48.29,-5.83],[-48.22,-5.91],[-48.32,-5.96],[-48.28,-6.1],[-48.41,-6.14],[-48.42,-6.25],[-48.46,-6.34],[-48.53,-6.37],[-48.67,-6.54],[-48.68,-6.66],[-49.01,-6.78],[-49.2,-6.9],[-49.22,-6.96],[-49.19,-7.08],[-49.19,-7.25],[-49.22,-7.31],[-49.38,-7.5],[-49.38,-7.64],[-49.35,-7.68],[-49.16,-7.81],[-49.2,-8.06],[-49.3,-8.35],[-49.4,-8.47],[-49.48,-8.62],[-49.5,-8.71],[-49.62,-8.86],[-49.76,-8.92],[-49.83,-9.05],[-49.99,-9.23],[-50.06,-9.33],[-50.11,-9.59],[-50.24,-9.84]]]},"properties":{"nombre":"Tocantins","pais":"BRA"}},
{"type":"Feature","geometry":{"type":"Polygon","coordinates":[[[-66.99,-17.55],[-66.83,-17.67],[-66.68,-17.86],[-66.62,-17.99],[-66.34,-17.98],[-66.16,-17.86],[-66.02,-17.86],[-65.94,-17.98],[-65.83,-17.99],[-65.64,-18.13],[-65.47,-18.34],[-65.34,-18.42],[-65.25,-18.53],[-65.25,-18.6],[-65.07,-18.66],[-64.97,-18.53],[-64.82,-18.48],[-64.7,-18.53],[-64.58,-18.67],[-64.49,-18.67],[-64.39,-18.6],[-64.34,-18.66],[-64.29,-18.59],[-64.3,-18.5],[-64.43,-18.41],[-64.44,-18.32],[-64.5,-18.21],[-64.58,-18.13],[-64.64,-18],[-64.71,-17.93],[-64.7,-17.88],[-64.56,-17.75],[-64.34,-17.42],[-64.22,-17.42],[-64.24,-17.3],[-64.42,-17.14],[-64.65,-17],[-64.76,-16.87],[-64.81,-16.72],[-64.75,-16.62],[-64.77,-16.53],[-64.68,-16.39],[-64.7,-16.29],[-64.67,-16.25],[-64.7,-15.95],[-64.66,-15.85],[-65.16,-15.91],[-65.28,-16.09],[-65.33,-16.28],[-65.46,-16.37],[-65.8,-16.47],[-65.99,-16.45],[-66.12,-16.4],[-66.24,-16.32],[-66.47,-16.06],[-66.5,-15.97],[-66.78,-15.7],[-66.93,-15.85],[-66.95,-16.07],[-66.87,-16.21],[-66.8,-16.28],[-66.82,-16.46],[-66.77,-16.59],[-66.76,-16.76],[-66.85,-16.82],[-66.91,-16.82],[-66.98,-16.91],[-67.02,-17.05],[-66.9,-17.16],[-66.84,-17.47],[-66.99,-17.55]]]},"properties":{"nombre":"Cochabamba","pais":"BOL"}},
{"type":"Feature","geometry":{"type":"Polygon","coordinates":[[[-59.66,-30.34],[-59.64,-30.15],[-59.59,-30.05],[-59.67,-29.85],[-59.59,-29.61],[-59.59,-29.41],[-59.55,-29.26],[-59.51,-29.21],[-59.21,-29.05],[-59.19,-28.92],[-59.15,-28.85],[-59.14,-28.73],[-59.09,-28.65],[-59.07,-28.4],[-59.09,-28.18],[-59.04,-28.12],[-58.95,-28.11],[-58.87,-28],[-59.6,-28],[-60.74,-28],[-61.71,-28],[-61.87,-28.92],[-61.95,-29.4],[-62.09,-30.16],[-62.13,-30.42],[-62.12,-30.46],[-61.9,-30.67],[-61.87,-30.79],[-62.12,-31.61],[-62.24,-31.72],[-62.22,-31.91],[-62.19,-31.97],[-62.22,-32.14],[-62.07,-32.25],[-62.02,-32.39],[-61.94,-32.43],[-61.83,-32.68],[-61.73,-32.81],[-61.76,-33],[-61.92,-33.11],[-62.15,-33.42],[-62.45,-33.84],[-62.85,-34.38],[-61.71,-34.38],[-60.96,-33.68],[-60.91,-33.56],[-60.67,-33.58],[-60.52,-33.64],[-60.43,-33.55],[-60.41,-33.45],[-60.35,-33.42],[-60.29,-33.26],[-60.49,-33.12],[-60.56,-33.05],[-60.69,-32.81],[-60.72,-32.64],[-60.77,-32.58],[-60.73,-32.45],[-60.71,-32.17],[-60.66,-32.07],[-60.72,-31.92],[-60.67,-31.85],[-60.65,-31.72],[-60.47,-31.7],[-60.35,-31.62],[-60.26,-31.5],[-60.1,-31.37],[-60,-31.21],[-59.65,-30.72],[-59.62,-30.59],[-59.62,-30.45],[-59.66,-30.34]]]},"properties":{"nombre":"Santa Fe","pais":"ARG"}},
{"type":"Feature","geometry":{"type":"Polygon","coordinates":[[[-66.05,-26.25],[-66.16,-26.5],[-66.14,-26.56],[-66.05,-26.58],[-65.85,-26.72],[-65.87,-26.92],[-66.15,-27.24],[-66.18,-27.33],[-66.09,-27.35],[-65.99,-27.43],[-65.92,-27.67],[-65.82,-27.81],[-65.71,-27.81],[-65.67,-27.95],[-65.57,-28.05],[-65.5,-27.96],[-65.35,-27.86],[-65.24,-27.92],[-65.17,-27.91],[-65.07,-27.89],[-65,-27.76],[-65.07,-27.62],[-64.97,-27.51],[-65.06,-27.47],[-64.94,-27.34],[-64.88,-27.31],[-64.83,-27.22],[-64.78,-27.05],[-64.74,-27.02],[-64.67,-26.8],[-64.59,-26.69],[-64.5,-26.68],[-64.52,-26.43],[-64.48,-26.32],[-64.49,-26.22],[-64.7,-26.23],[-64.77,-26.21],[-64.9,-26.27],[-64.97,-26.27],[-65.27,-26.16],[-65.31,-26.08],[-65.42,-26.12],[-65.68,-26.08],[-65.71,-26.3],[-66.05,-26.25]]]},"properties":{"nombre":"Tucumán","pais":"ARG"}},
{"type":"Feature","geometry":{"type":"Polygon","coordinates":[[[-64.49,-26.22],[-64.48,-26.32],[-64.52,-26.43],[-64.5,-26.68],[-64.59,-26.69],[-64.67,-26.8],[-64.74,-27.02],[-64.78,-27.05],[-64.83,-27.22],[-64.88,-27.31],[-64.94,-27.34],[-65.06,-27.47],[-64.97,-27.51],[-65.07,-27.62],[-65,-27.76],[-65.07,-27.89],[-65.17,-27.91],[-65.08,-28.27],[-65.07,-28.42],[-65.09,-28.51],[-65.18,-28.6],[-65.18,-28.65],[-65.09,-28.72],[-65.08,-29],[-65.03,-29.29],[-64.99,-29.39],[-64.88,-29.56],[-64.59,-29.49],[-64.25,-29.42],[-64.06,-29.47],[-64.03,-29.55],[-63.82,-29.65],[-63.6,-29.64],[-63.46,-29.66],[-63.39,-29.77],[-62.79,-29.78],[-62.45,-29.77],[-62.29,-29.78],[-62.24,-29.81],[-62.09,-30.16],[-61.95,-29.4],[-61.87,-28.92],[-61.71,-28],[-61.71,-26.79],[-61.71,-26.15],[-61.72,-25.74],[-61.75,-25.66],[-63.4,-25.66],[-63.92,-25.65],[-64.19,-25.58],[-64.21,-25.6],[-64.43,-26.05],[-64.49,-26.22]]]},"properties":{"nombre":"Santiago del Estero","pais":"ARG"}},
{"type":"Feature","geometry":{"type":"Polygon","coordinates":[[[-66.73,-31.88],[-66.98,-31.89],[-67.09,-31.85],[-67.23,-31.87],[-67.3,-31.85],[-67.39,-31.89],[-67.39,-32.26],[-67.36,-32.4],[-67.28,-32.54],[-67.25,-32.68],[-67.19,-32.76],[-67.23,-32.92],[-67.2,-32.99],[-67.18,-33.3],[-67.15,-33.43],[-67.02,-33.62],[-66.94,-33.83],[-66.83,-33.91],[-66.75,-34.06],[-66.75,-34.16],[-66.82,-34.24],[-66.74,-34.62],[-66.69,-34.66],[-66.57,-34.85],[-66.55,-35],[-66.5,-35.12],[-66.53,-35.2],[-66.5,-35.34],[-66.52,-35.49],[-66.63,-35.95],[-66.62,-36],[-66.03,-36],[-65.09,-36],[-65.09,-35],[-65.09,-33.96],[-65.13,-33.2],[-65.03,-33.11],[-65.02,-32.95],[-64.97,-32.88],[-64.95,-32.75],[-64.87,-32.56],[-64.92,-32.45],[-64.92,-32.3],[-65.18,-32.33],[-65.25,-32.11],[-65.31,-32.06],[-65.64,-31.89],[-65.76,-31.89],[-65.93,-31.9],[-66.05,-31.87],[-66.22,-31.93],[-66.73,-31.88]]]},"properties":{"nombre":"San Luis","pais":"ARG"}},
{"type":"Feature","geometry":{"type":"Polygon","coordinates":[[[-68.25,-37.56],[-67.85,-37.6],[-67.72,-37.7],[-67.72,-37.82],[-67.82,-37.88],[-67.88,-37.99],[-67.85,-38.05],[-67.71,-38.1],[-67.59,-38.25],[-67.38,-38.26],[-67.18,-38.22],[-67.14,-38.34],[-67.07,-38.41],[-66.68,-38.54],[-66.59,-38.61],[-66.57,-38.69],[-66.39,-38.73],[-66.22,-38.72],[-65.96,-38.74],[-65.67,-38.82],[-65.51,-38.78],[-65.36,-38.84],[-65.11,-38.8],[-64.82,-38.81],[-64.47,-38.85],[-63.99,-39.01],[-63.91,-39.09],[-63.82,-39.11],[-63.71,-39.2],[-63.52,-39.31],[-63.39,-39.33],[-63.39,-38.27],[-63.39,-37.28],[-63.39,-36.4],[-63.39,-35.27],[-63.38,-35],[-64.49,-35],[-65.09,-35],[-65.09,-36],[-66.03,-36],[-66.62,-36],[-67.14,-36],[-68.25,-36],[-68.29,-36.16],[-68.26,-36.28],[-68.25,-36.83],[-68.25,-37.56]]]},"properties":{"nombre":"La Pampa","pais":"ARG"}},
{"type":"Feature","geometry":{"type":"Polygon","coordinates":[[[-65.4,-30.14],[-65.48,-30.35],[-65.53,-30.42],[-65.57,-30.57],[-65.66,-30.78],[-65.77,-31.1],[-65.76,-31.89],[-65.64,-31.89],[-65.31,-32.06],[-65.25,-32.11],[-65.18,-32.33],[-64.92,-32.3],[-64.92,-32.45],[-64.87,-32.56],[-64.95,-32.75],[-64.97,-32.88],[-65.02,-32.95],[-65.03,-33.11],[-65.13,-33.2],[-65.09,-33.96],[-65.09,-35],[-64.49,-35],[-63.38,-35],[-63.38,-34.58],[-63.37,-34.41],[-63.34,-34.38],[-62.85,-34.38],[-62.45,-33.84],[-62.15,-33.42],[-61.92,-33.11],[-61.76,-33],[-61.73,-32.81],[-61.83,-32.68],[-61.94,-32.43],[-62.02,-32.39],[-62.07,-32.25],[-62.22,-32.14],[-62.19,-31.97],[-62.22,-31.91],[-62.24,-31.72],[-62.12,-31.61],[-61.87,-30.79],[-61.9,-30.67],[-62.12,-30.46],[-62.13,-30.42],[-62.09,-30.16],[-62.24,-29.81],[-62.29,-29.78],[-62.45,-29.77],[-62.79,-29.78],[-63.39,-29.77],[-63.46,-29.66],[-63.6,-29.64],[-63.82,-29.65],[-64.03,-29.55],[-64.06,-29.47],[-64.25,-29.42],[-64.59,-29.49],[-64.88,-29.56],[-64.96,-29.61],[-64.94,-29.88],[-65.19,-30.09],[-65.4,-30.14]]]},"properties":{"nombre":"Córdoba","pais":"ARG"}}
]}